,BibNumber,FullName,SortName,AgeOnRaceDay,Gender,City,StateAbbrev,StateName,Zip,CountryOfResAbbrev,CountryOfResName,CountryOfCtzAbbrev,CountryOfCtzName,OfficialTime,RankOverall,RankOverGender,RankOverDivision,EventGroup,SubGroupLabel,SubGroup,year,gender
0,6,Robert Kiprono Cheruiyot,"Cheruiyot, Robert Kiprono",21,M,Bomet,,,,KEN,Kenya,KEN,Kenya,2:05:52,1,1,1,Runners,,,2010,male
1,12,Tekeste Kebede,"Kebede, Tekeste",28,M,Addis Ababa,,,,ETH,Ethiopia,ETH,Ethiopia,2:07:23,2,2,2,Runners,,,2010,male
2,1,Deriba Merga,"Merga, Deriba",29,M,Addis Ababa,,,,ETH,Ethiopia,ETH,Ethiopia,2:08:39,3,3,3,Runners,,,2010,male
3,3,Ryan Hall,"Hall, Ryan",27,M,Mammoth Lakes,CA ,California,,USA,United States of America,USA,United States of America,2:08:41,4,4,4,Runners,,,2010,male
4,18,Mebrahtom Keflezighi,"Keflezighi, Mebrahtom",34,M,Mammoth Lakes,CA ,California,,USA,United States of America,USA,United States of America,2:09:26,5,5,5,Runners,,,2010,male
5,14,Gashaw Asfaw,"Asfaw, Gashaw",31,M,Wollo,,,,ETH,Ethiopia,ETH,Ethiopia,2:10:53,6,6,6,Runners,,,2010,male
6,15,John Komen,"Komen, John",32,M,Marakwet,,,,KEN,Kenya,KEN,Kenya,2:11:48,7,7,7,Runners,,,2010,male
7,19,Moses Kigen Kipkosgei,"Kipkosgei, Moses Kigen",27,M,Eldoret,,,,KEN,Kenya,KEN,Kenya,2:12:04,8,8,8,Runners,,,2010,male
8,21,Jason Lehmkuhle,"Lehmkuhle, Jason",32,M,Minneapolis,MN ,Minnesota,,USA,United States of America,USA,United States of America,2:12:24,9,9,9,Runners,,,2010,male
9,23,Alejandro Suarez,"Suarez, Alejandro",29,M,Queretaro,,,,MEX,Mexico,MEX,Mexico,2:12:33,10,10,10,Runners,,,2010,male
10,22,Cutbert Nyasango,"Nyasango, Cutbert",27,M,Harare,,,,ZIM,Zimbabwe,ZIM,Zimbabwe,2:12:40,11,11,11,Runners,,,2010,male
11,26,Antonio Vega,"Vega, Antonio",26,M,St. Paul,MN ,Minnesota,,USA,United States of America,USA,United States of America,2:13:47,12,12,12,Runners,,,2010,male
12,9,Elijah Keitany,"Keitany, Elijah",27,M,Kapsait,,,,KEN,Kenya,KEN,Kenya,2:14:48,13,13,13,Runners,,,2010,male
13,17,Stephen Kiogora,"Kiogora, Stephen",35,M,Meru,,,,KEN,Kenya,KEN,Kenya,2:14:50,14,14,14,Runners,,,2010,male
14,8,Chala Dechase,"Dechase, Chala",25,M,Addis Ababa,,,,ETH,Ethiopia,ETH,Ethiopia,2:14:57,15,15,15,Runners,,,2010,male
15,36,Drew A. Polley,"Polley, Drew A.",24,M,Rochester Hills,MI ,Michigan,48307-2303,USA,United States of America,USA,United States of America,2:16:36,16,16,16,Runners,,,2010,male
16,28,Dmytro Baranovskyy,"Baranovskyy, Dmytro",30,M,Kiev,,,,UKR,Ukraine,UKR,Ukraine,2:17:15,17,17,17,Runners,,,2010,male
17,101,James Koskei,"Koskei, James",41,M,Eldoret,,,,KEN,Kenya,KEN,Kenya,2:17:28,18,18,1,Runners,,,2010,male
18,35,Chad N. Johnson,"Johnson, Chad N.",33,M,Lake Orion,MI ,Michigan,48362,USA,United States of America,USA,United States of America,2:17:41,19,19,18,Runners,,,2010,male
19,38,Jason C. Delaney,"Delaney, Jason C.",30,M,Golden,CO ,Colorado,80403,USA,United States of America,USA,United States of America,2:19:17,20,20,19,Runners,,,2010,male
20,49,Seth Hutchinson,"Hutchinson, Seth",26,M,Charlottesville,VA ,Virginia,22902,USA,United States of America,USA,United States of America,2:20:56,21,21,20,Runners,,,2010,male
21,5,Gilbert Yegon,"Yegon, Gilbert",21,M,Eldoret,,,,KEN,Kenya,KEN,Kenya,2:21:12,22,22,21,Runners,,,2010,male
22,103,Reuben Chesang,"Chesang, Reuben",47,M,Allen,TX ,Texas,75002,USA,United States of America,KEN,Kenya,2:21:15,23,23,1,Runners,,,2010,male
23,57,Lucas C. Meyer,"Meyer, Lucas C.",26,M,Ridgefield,CT ,Connecticut,06877,USA,United States of America,USA,United States of America,2:21:29,24,24,22,Runners,,,2010,male
24,59,Tomoyuki Kawakami,"Kawakami, Tomoyuki",29,M,Ibaraki-Ken,,,3191414,JPN,Japan,JPN,Japan,2:21:44,25,25,23,Runners,,,2010,male
25,41,Jason J. Flogel,"Flogel, Jason J.",27,M,West Des Moines,IA ,Iowa,50265,USA,United States of America,USA,United States of America,2:21:51,26,26,24,Runners,,,2010,male
26,37,Jesse L. Davis,"Davis, Jesse L.",28,M,Indianapolis,IN ,Indiana,46205,USA,United States of America,USA,United States of America,2:22:59,27,27,25,Runners,,,2010,male
27,62,Antonino Liuzzo,"Liuzzo, Antonino",30,M,New York,NY ,New York,10019,USA,United States of America,ITA,Italy,2:23:00,28,28,26,Runners,,,2010,male
28,1104,Jorge Eliecer Real,"Real, Jorge Eliecer",39,M,Brooklyn,NY ,New York,11217,USA,United States of America,COL,Colombia,2:23:08,29,29,27,Runners,,,2010,male
29,34,Marc A. Jeuland,"Jeuland, Marc A.",31,M,Carrboro,NC ,North Carolina,27510,USA,United States of America,USA,United States of America,2:23:33,30,30,28,Runners,,,2010,male
30,1087,Jacob D. Bradosky,"Bradosky, Jacob D.",22,M,Centerville,OH ,Ohio,45458,USA,United States of America,USA,United States of America,2:23:50,31,31,29,Runners,,,2010,male
31,105,Tracy Lokken,"Lokken, Tracy",44,M,Marquette,MI ,Michigan,49855,USA,United States of America,USA,United States of America,2:24:04,32,32,2,Runners,,,2010,male
32,56,Sage Canaday,"Canaday, Sage",24,M,Rochester Hills,MI ,Michigan,48307,USA,United States of America,USA,United States of America,2:24:07,33,33,30,Runners,,,2010,male
33,1034,Gregory J. Mitchell,"Mitchell, Gregory J.",36,M,Mcminnville,OR ,Oregon,97128,USA,United States of America,USA,United States of America,2:24:15,34,34,31,Runners,,,2010,male
34,1044,Scott N. Rowe,"Rowe, Scott N.",35,M,Dover,NH ,New Hampshire,03820,USA,United States of America,USA,United States of America,2:24:34,35,35,32,Runners,,,2010,male
35,1294,Nathan M. Krah,"Krah, Nathan M.",24,M,Boston,MA ,Massachusetts,02114,USA,United States of America,USA,United States of America,2:25:04,36,36,33,Runners,,,2010,male
36,1040,David Bedoya,"Bedoya, David",33,M,Somerville,MA ,Massachusetts,02143,USA,United States of America,ESP,Spain,2:25:19,37,37,34,Runners,,,2010,male
37,47,Pete A. Gilman,"Gilman, Pete A.",35,M,Rochester,MN ,Minnesota,55901,USA,United States of America,USA,United States of America,2:25:40,38,38,35,Runners,,,2010,male
38,40,Michael R. Wardian,"Wardian, Michael R.",36,M,Arlington,VA ,Virginia,22203,USA,United States of America,USA,United States of America,2:25:45,39,39,36,Runners,,,2010,male
39,1036,Chris M. Hartshorn,"Hartshorn, Chris M.",38,M,Concord,MA ,Massachusetts,01742,USA,United States of America,NZL,New Zealand,2:25:59,40,40,37,Runners,,,2010,male
40,43,Greg P. Costello,"Costello, Greg P.",29,M,Chicago,IL ,Illinois,60613,USA,United States of America,USA,United States of America,2:26:01,41,41,38,Runners,,,2010,male
41,42,Randy Bill,"Bill, Randy",28,M,Cedar Falls,IA ,Iowa,50613,USA,United States of America,USA,United States of America,2:26:25,44,42,39,Runners,,,2010,male
42,1033,Nicholas I. McCombs,"McCombs, Nicholas I.",29,M,Toquerville,UT ,Utah,84774,USA,United States of America,USA,United States of America,2:27:10,45,43,40,Runners,,,2010,male
43,1006,Paul Ryan,"Ryan, Paul",30,M,Belmont,MA ,Massachusetts,02478,USA,United States of America,USA,United States of America,2:27:14,46,44,41,Runners,,,2010,male
44,1108,Jared J. Markowitz,"Markowitz, Jared J.",27,M,Cambridge,MA ,Massachusetts,02139,USA,United States of America,USA,United States of America,2:27:16,47,45,42,Runners,,,2010,male
45,107,Rami Bardeesy,"Bardeesy, Rami",41,M,Halifax,NS ,Nova Scotia,B3L 2Z5,CAN,Canada,CAN,Canada,2:27:22,48,46,3,Runners,,,2010,male
46,58,Justin Patananan,"Patananan, Justin",29,M,Palmdale,CA ,California,93551-4652,USA,United States of America,USA,United States of America,2:27:26,49,47,43,Runners,,,2010,male
47,1047,Alex J. Taylor,"Taylor, Alex J.",30,M,Somerville,MA ,Massachusetts,02144,USA,United States of America,USA,United States of America,2:27:26,50,48,44,Runners,,,2010,male
48,54,Stefan Kolata,"Kolata, Stefan",28,M,Princeton,NJ ,New Jersey,08540,USA,United States of America,USA,United States of America,2:27:28,51,49,45,Runners,,,2010,male
49,50,John P. Thompson,"Thompson, John P.",23,M,Lexington,KY ,Kentucky,40517,USA,United States of America,USA,United States of America,2:27:30,52,50,46,Runners,,,2010,male
50,60,Yosuke Akiyama,"Akiyama, Yosuke",24,M,Ibaraki-Ken,,,3160036,JPN,Japan,JPN,Japan,2:27:37,53,51,47,Runners,,,2010,male
51,46,Brendan M. Callahan,"Callahan, Brendan M.",28,M,Middletown,CT ,Connecticut,06457,USA,United States of America,USA,United States of America,2:27:53,54,52,48,Runners,,,2010,male
52,1032,Brandon Laan,"Laan, Brandon",26,M,Honolulu,HI ,Hawaii,96822,USA,United States of America,CAN,Canada,2:28:13,55,53,49,Runners,,,2010,male
53,1042,Stephen Sinko,"Sinko, Stephen",33,M,Hockessin,DE ,Delaware,19707,USA,United States of America,USA,United States of America,2:28:25,56,54,50,Runners,,,2010,male
54,1069,Michael Arnstein,"Arnstein, Michael",33,M,New York,NY ,New York,10017,USA,United States of America,USA,United States of America,2:28:29,57,55,51,Runners,,,2010,male
55,1078,Thomas J. Deeg,"Deeg, Thomas J.",29,M,Eastham,MA ,Massachusetts,02642,USA,United States of America,USA,United States of America,2:28:35,59,56,52,Runners,,,2010,male
56,1067,Justin M. Deeg,"Deeg, Justin M.",29,M,Rochester,MN ,Minnesota,55902,USA,United States of America,USA,United States of America,2:28:35,60,57,53,Runners,,,2010,male
57,51,Drew L. Bean,"Bean, Drew L.",21,M,Orange,TX ,Texas,77632,USA,United States of America,USA,United States of America,2:28:42,62,58,54,Runners,,,2010,male
58,106,Carl F. Rundell,"Rundell, Carl F.",42,M,Birminigham,MI ,Michigan,48009,USA,United States of America,USA,United States of America,2:28:48,63,59,4,Runners,,,2010,male
59,1094,Matthew Manning,"Manning, Matthew",30,M,Baton Rouge,LA ,Louisiana,70810,USA,United States of America,USA,United States of America,2:28:54,64,60,55,Runners,,,2010,male
60,1064,Grant Scott,"Scott, Grant",26,M,Cincinnati,OH ,Ohio,45220,USA,United States of America,USA,United States of America,2:29:05,65,61,56,Runners,,,2010,male
61,1052,"Joshua G. Steffen, PhD.","Steffen, Joshua G. PhD.",29,M,Salt Lake City,UT ,Utah,84102,USA,United States of America,USA,United States of America,2:29:08,66,62,57,Runners,,,2010,male
62,1043,Brandon Rowe,"Rowe, Brandon",27,M,Ardmore,PA ,Pennsylvania,19003,USA,United States of America,USA,United States of America,2:29:13,68,63,58,Runners,,,2010,male
63,33,Chris J. Lundstrom,"Lundstrom, Chris J.",34,M,Minneapolis,MN ,Minnesota,55408,USA,United States of America,USA,United States of America,2:29:16,69,64,59,Runners,,,2010,male
64,1183,Matthew E. Lacey,"Lacey, Matthew E.",25,M,Amherst,MA ,Massachusetts,01002,USA,United States of America,USA,United States of America,2:29:22,70,65,60,Runners,,,2010,male
65,1053,Louis Raffetto,"Raffetto, Louis",28,M,South Boston,MA ,Massachusetts,02127,USA,United States of America,USA,United States of America,2:29:25,71,66,61,Runners,,,2010,male
66,1063,Ian Nurse,"Nurse, Ian",32,M,Portland,OR ,Oregon,97210,USA,United States of America,USA,United States of America,2:29:26,72,67,62,Runners,,,2010,male
67,1123,Nick B. End,"End, Nick B.",25,M,Pittsburgh,PA ,Pennsylvania,15203,USA,United States of America,USA,United States of America,2:29:36,73,68,63,Runners,,,2010,male
68,1122,Michael W. Heidke,"Heidke, Michael W.",31,M,Neenah,WI ,Wisconsin,54956,USA,United States of America,USA,United States of America,2:29:39,74,69,64,Runners,,,2010,male
69,1155,Mike J. Heling,"Heling, Mike J.",32,M,Greenville,WI ,Wisconsin,54942,USA,United States of America,USA,United States of America,2:29:47,75,70,65,Runners,,,2010,male
70,1100,Cameron M. Cummings,"Cummings, Cameron M.",28,M,Spartanburg,SC ,South Carolina,29301,USA,United States of America,USA,United States of America,2:29:56,76,71,66,Runners,,,2010,male
71,1157,Jim Johnson,"Johnson, Jim",32,M,Salem,NH ,New Hampshire,03079,USA,United States of America,USA,United States of America,2:30:00,77,72,67,Runners,,,2010,male
72,1080,Josh L. Miller,"Miller, Josh L.",26,M,Rockford,MI ,Michigan,49341,USA,United States of America,USA,United States of America,2:30:15,78,73,68,Runners,,,2010,male
73,1204,John Nichols,"Nichols, John",27,M,Denver,CO ,Colorado,80231,USA,United States of America,USA,United States of America,2:30:19,79,74,69,Runners,,,2010,male
74,1061,Zachary K. Vaslow,"Vaslow, Zachary K.",25,M,Philadelphia,PA ,Pennsylvania,19128,USA,United States of America,USA,United States of America,2:30:26,80,75,70,Runners,,,2010,male
75,1009,Peter Vail,"Vail, Peter",35,M,Boulder,CO ,Colorado,80305,USA,United States of America,CAN,Canada,2:30:36,82,76,71,Runners,,,2010,male
76,39,Kalib Wilkinson,"Wilkinson, Kalib",25,M,Lynchburg,VA ,Virginia,24501,USA,United States of America,USA,United States of America,2:30:54,84,77,72,Runners,,,2010,male
77,1079,"German Silva Martinez, Sr.","Silva Martinez, German Sr.",42,M,San Luis Potosi,,,78215,MEX,Mexico,MEX,Mexico,2:30:58,85,78,5,Runners,,,2010,male
78,1054,Tim Fahey,"Fahey, Tim",36,M,Arlington,VA ,Virginia,22206,USA,United States of America,USA,United States of America,2:31:05,86,79,73,Runners,,,2010,male
79,1008,Richard Cartier,"Cartier, Richard",48,M,Sainte Anne Des Lacs,QC ,Quebec,J0R 1B0,CAN,Canada,CAN,Canada,2:31:08,87,80,2,Runners,,,2010,male
80,53,Tom Nichols,"Nichols, Tom",27,M,Lincoln,NE ,Nebraska,68502,USA,United States of America,USA,United States of America,2:31:09,88,81,74,Runners,,,2010,male
81,1099,Gabriel Helmlinger,"Helmlinger, Gabriel",43,M,Cambridge,MA ,Massachusetts,02138,USA,United States of America,FRA,France,2:31:53,91,82,6,Runners,,,2010,male
82,1085,John Reuland,"Reuland, John",32,M,Princeton,NJ ,New Jersey,08540,USA,United States of America,USA,United States of America,2:32:01,93,83,75,Runners,,,2010,male
83,1196,Blake Jones,"Jones, Blake",27,M,Portsmouth,OH ,Ohio,45662,USA,United States of America,USA,United States of America,2:32:02,94,84,76,Runners,,,2010,male
84,1142,Jeremy D. Drowne,"Drowne, Jeremy D.",32,M,Saratoga Springs,NY ,New York,12866,USA,United States of America,USA,United States of America,2:32:13,95,85,77,Runners,,,2010,male
85,1118,James R. Moore,"Moore, James R.",24,M,Salt Lake City,UT ,Utah,84111,USA,United States of America,GBR,United Kingdom,2:32:27,96,86,78,Runners,,,2010,male
86,1412,Joseph D. Moore,"Moore, Joseph D.",26,M,Raleigh,NC ,North Carolina,27605,USA,United States of America,USA,United States of America,2:32:34,97,87,79,Runners,,,2010,male
87,1103,Matthew Terrasi,"Terrasi, Matthew",22,M,Pepperell,MA ,Massachusetts,01463,USA,United States of America,USA,United States of America,2:32:42,98,88,80,Runners,,,2010,male
88,1172,Jeremiah Mushen,"Mushen, Jeremiah",33,M,Seattle,WA ,Washington,98199,USA,United States of America,USA,United States of America,2:32:52,99,89,81,Runners,,,2010,male
89,1184,Jeremy T. Adler,"Adler, Jeremy T.",29,M,New York,NY ,New York,10024,USA,United States of America,USA,United States of America,2:32:55,100,90,82,Runners,,,2010,male
90,1260,Joseph I. Foley,"Foley, Joseph I.",23,M,Philadelphia,PA ,Pennsylvania,19104,USA,United States of America,USA,United States of America,2:32:58,101,91,83,Runners,,,2010,male
91,1089,Junyong Pak,"Pak, Junyong",32,M,Beverly,MA ,Massachusetts,01915,USA,United States of America,USA,United States of America,2:32:59,102,92,84,Runners,,,2010,male
92,1076,Kevin Shirk,"Shirk, Kevin",30,M,Winchester,VA ,Virginia,22602,USA,United States of America,USA,United States of America,2:33:01,103,93,85,Runners,,,2010,male
93,1031,Adam M. Fitzgerald,"Fitzgerald, Adam M.",28,M,Carlisle,MA ,Massachusetts,01741,USA,United States of America,USA,United States of America,2:33:13,104,94,86,Runners,,,2010,male
94,1109,Trey Vernon,"Vernon, Trey",30,M,Manhattan,KS ,Kansas,66503,USA,United States of America,USA,United States of America,2:33:15,105,95,87,Runners,,,2010,male
95,1057,Will Knox,"Knox, Will",25,M,Cockeysville,MD ,Maryland,21030,USA,United States of America,USA,United States of America,2:33:25,107,96,88,Runners,,,2010,male
96,1162,Jay M. Thomson,"Thomson, Jay M.",30,M,Gulf Shores,AL ,Alabama,36542,USA,United States of America,USA,United States of America,2:33:30,108,97,89,Runners,,,2010,male
97,1066,Travis Murray,"Murray, Travis",28,M,Mason,OH ,Ohio,45040,USA,United States of America,USA,United States of America,2:33:32,109,98,90,Runners,,,2010,male
98,1290,Brendon P. O'Leary,"O'Leary, Brendon P.",28,M,Whitman,MA ,Massachusetts,02382,USA,United States of America,USA,United States of America,2:33:38,110,99,91,Runners,,,2010,male
99,1239,Thomas Yakowenko,"Yakowenko, Thomas",41,M,Metuchen,NJ ,New Jersey,08840,USA,United States of America,USA,United States of America,2:33:50,112,100,7,Runners,,,2010,male
100,1213,Ryan McCalmon,"McCalmon, Ryan",34,M,Belmont,MA ,Massachusetts,02478,USA,United States of America,USA,United States of America,2:34:03,113,101,92,Runners,,,2010,male
101,1555,Jonathan E. Baker,"Baker, Jonathan E.",26,M,Brookline,MA ,Massachusetts,02445,USA,United States of America,USA,United States of America,2:34:12,114,102,93,Runners,,,2010,male
102,1187,Nicolas I. Karr,"Karr, Nicolas I.",23,M,Allston,MA ,Massachusetts,02134,USA,United States of America,USA,United States of America,2:34:18,115,103,94,Runners,,,2010,male
103,1110,Mark Cucuzzella,"Cucuzzella, Mark",43,M,Shepherdstown,WV ,West Virginia,25443,USA,United States of America,USA,United States of America,2:34:21,116,104,8,Runners,,,2010,male
104,1568,Kyle R. Triggs,"Triggs, Kyle R.",25,M,St. Paul,MN ,Minnesota,55105,USA,United States of America,USA,United States of America,2:34:27,117,105,95,Runners,,,2010,male
105,1182,Matias J. Palavecino,"Palavecino, Matias J.",28,M,Washington,DC ,District Of Columbia,20017,USA,United States of America,USA,United States of America,2:34:40,118,106,96,Runners,,,2010,male
106,1170,Marc Robaczynski,"Robaczynski, Marc",35,M,New Hartford,CT ,Connecticut,06057,USA,United States of America,USA,United States of America,2:34:44,119,107,97,Runners,,,2010,male
107,1222,Adam Mulia,"Mulia, Adam",34,M,Brooklyn,NY ,New York,11215,USA,United States of America,USA,United States of America,2:34:45,120,108,98,Runners,,,2010,male
108,1356,Jon M. French,"French, Jon M.",26,M,North Tonawanda,NY ,New York,14120,USA,United States of America,USA,United States of America,2:34:49,121,109,99,Runners,,,2010,male
109,1126,Gregory J. Castro,"Castro, Gregory J.",25,M,Boulder,CO ,Colorado,80304,USA,United States of America,USA,United States of America,2:34:52,122,110,100,Runners,,,2010,male
110,110,Louis-Philippe Garnier,"Garnier, Louis-Philippe",45,M,Montreal,QC ,Quebec,H1V 2L3,CAN,Canada,CAN,Canada,2:34:54,123,111,3,Runners,,,2010,male
111,1119,Ioannis Papadopoulos,"Papadopoulos, Ioannis",25,M,Allston,MA ,Massachusetts,02134,USA,United States of America,GRE,Greece,2:34:54,124,112,101,Runners,,,2010,male
112,1303,Joe Vella,"Vella, Joe",36,M,Pittsburgh,PA ,Pennsylvania,15208,USA,United States of America,USA,United States of America,2:34:55,125,113,102,Runners,,,2010,male
113,1050,Jason Pyles,"Pyles, Jason",28,M,South Charleston,WV ,West Virginia,25309,USA,United States of America,USA,United States of America,2:35:10,126,114,103,Runners,,,2010,male
114,1148,Marc I. Leblanc,"Leblanc, Marc I.",29,M,Natick,MA ,Massachusetts,01760,USA,United States of America,USA,United States of America,2:35:16,127,115,104,Runners,,,2010,male
115,1181,Dimitri M. Drekonja,"Drekonja, Dimitri M.",35,M,Minneapolis,MN ,Minnesota,55417,USA,United States of America,USA,United States of America,2:35:21,128,116,105,Runners,,,2010,male
116,1538,Aaron Saft,"Saft, Aaron",32,M,Fletcher,NC ,North Carolina,28732,USA,United States of America,USA,United States of America,2:35:39,129,117,106,Runners,,,2010,male
117,1102,Joseph M. Navas,"Navas, Joseph M.",39,M,North Eastham,MA ,Massachusetts,02651,USA,United States of America,USA,United States of America,2:35:51,130,118,107,Runners,,,2010,male
118,1395,John B. Carron,"Carron, John B.",39,M,Irvington,NY ,New York,10533,USA,United States of America,USA,United States of America,2:35:54,131,119,108,Runners,,,2010,male
119,1038,Tommy Manning,"Manning, Tommy",34,M,Colorado Springs,CO ,Colorado,80911,USA,United States of America,USA,United States of America,2:35:57,132,120,109,Runners,,,2010,male
120,1228,Corey R. Fehnel,"Fehnel, Corey R.",31,M,Boston,MA ,Massachusetts,02115,USA,United States of America,USA,United States of America,2:35:58,133,121,110,Runners,,,2010,male
121,1297,Trey F. Robinson,"Robinson, Trey F.",26,M,Evanston,IL ,Illinois,60202,USA,United States of America,USA,United States of America,2:35:59,134,122,111,Runners,,,2010,male
122,1151,Thomas Ritchie,"Ritchie, Thomas",36,M,Anchorage,AK ,Alaska,99507,USA,United States of America,USA,United States of America,2:36:04,137,123,112,Runners,,,2010,male
123,1197,Peter W. Richter,"Richter, Peter W.",37,M,Norwell,MA ,Massachusetts,02061,USA,United States of America,USA,United States of America,2:36:06,138,124,113,Runners,,,2010,male
124,1140,Samuel C. Jurek,"Jurek, Samuel C.",23,M,La Crosse,WI ,Wisconsin,54601,USA,United States of America,USA,United States of America,2:36:07,139,125,114,Runners,,,2010,male
125,1072,Michel L. Jacques,"Jacques, Michel L.",26,M,Evanston,IL ,Illinois,60201,USA,United States of America,USA,United States of America,2:36:12,140,126,115,Runners,,,2010,male
126,1199,Roger J. Donaghy,"Donaghy, Roger J.",31,M,South Boston,MA ,Massachusetts,02127,USA,United States of America,USA,United States of America,2:36:14,141,127,116,Runners,,,2010,male
127,1617,Dan Smith,"Smith, Dan",31,M,Cambridge,MA ,Massachusetts,02139,USA,United States of America,USA,United States of America,2:36:15,142,128,117,Runners,,,2010,male
128,1073,Chad M. Carr,"Carr, Chad M.",34,M,Cambridge,MA ,Massachusetts,02139,USA,United States of America,USA,United States of America,2:36:16,143,129,118,Runners,,,2010,male
129,1178,Christopher Green,"Green, Christopher",24,M,Stony Brook,NY ,New York,11790,USA,United States of America,USA,United States of America,2:36:20,144,130,119,Runners,,,2010,male
130,1143,Michael Anis,"Anis, Michael",28,M,Edison,NJ ,New Jersey,08817,USA,United States of America,USA,United States of America,2:36:35,145,131,120,Runners,,,2010,male
131,1055,Andrew P. Hill,"Hill, Andrew P.",29,M,Boston,MA ,Massachusetts,02163,USA,United States of America,USA,United States of America,2:36:42,146,132,121,Runners,,,2010,male
132,1510,Patrick W. Fournier,"Fournier, Patrick W.",34,M,Rome,ME ,Maine,04963,USA,United States of America,USA,United States of America,2:36:44,147,133,122,Runners,,,2010,male
133,1070,Ryan Carrara,"Carrara, Ryan",33,M,Hudson,MA ,Massachusetts,01749,USA,United States of America,USA,United States of America,2:36:45,148,134,123,Runners,,,2010,male
134,1058,Joshua P. Ricardi,"Ricardi, Joshua P.",28,M,Seattle,WA ,Washington,98103,USA,United States of America,USA,United States of America,2:36:50,149,135,124,Runners,,,2010,male
135,1131,Derek S. Holland,"Holland, Derek S.",32,M,Chicago,IL ,Illinois,60614,USA,United States of America,CAN,Canada,2:36:50,150,136,125,Runners,,,2010,male
136,1160,Ian Sharman,"Sharman, Ian",29,M,Bend,OR ,Oregon,97701,USA,United States of America,GBR,United Kingdom,2:36:51,151,137,126,Runners,,,2010,male
137,16,Samuel Mugo,"Mugo, Samuel",23,M,Nyahururu,,,,KEN,Kenya,KEN,Kenya,2:37:01,153,138,127,Runners,,,2010,male
138,1141,Nicolas Menzies,"Menzies, Nicolas",30,M,Boston,MA ,Massachusetts,02130,USA,United States of America,NZL,New Zealand,2:37:04,154,139,128,Runners,,,2010,male
139,1128,Wayne A. Levy,"Levy, Wayne A.",44,M,Waban,MA ,Massachusetts,02468,USA,United States of America,JAM,Jamaica,2:37:08,155,140,9,Runners,,,2010,male
140,1121,Shane Logan,"Logan, Shane",31,M,Pontiac,MI ,Michigan,48341,USA,United States of America,USA,United States of America,2:37:09,156,141,129,Runners,,,2010,male
141,1268,Anton Van Zyl,"Van Zyl, Anton",37,M,Fort Lauderdale,FL ,Florida,33346,USA,United States of America,RSA,South Africa,2:37:13,157,142,130,Runners,,,2010,male
142,1059,Erik D. Forehand,"Forehand, Erik D.",27,M,Crown Point,IN ,Indiana,46307,USA,United States of America,USA,United States of America,2:37:14,158,143,131,Runners,,,2010,male
143,1011,David E. Harkin,"Harkin, David E.",40,M,Portland,OR ,Oregon,97203,USA,United States of America,USA,United States of America,2:37:14,159,144,10,Runners,,,2010,male
144,1880,Matt J. Kane,"Kane, Matt J.",25,M,San Francisco,CA ,California,94110,USA,United States of America,USA,United States of America,2:37:21,160,145,132,Runners,,,2010,male
145,1219,Michael S. Emanuel,"Emanuel, Michael S.",33,M,Boston,MA ,Massachusetts,02116,USA,United States of America,USA,United States of America,2:37:26,161,146,133,Runners,,,2010,male
146,1449,Daniel T. McCue,"McCue, Daniel T.",33,M,Cambridge,MA ,Massachusetts,02138,USA,United States of America,USA,United States of America,2:37:28,162,147,134,Runners,,,2010,male
147,1083,Glen Guillemette,"Guillemette, Glen",50,M,Narragansett,RI ,Rhode Island,02882,USA,United States of America,USA,United States of America,2:37:30,163,148,1,Runners,,,2010,male
148,1243,Harley Johnson,"Johnson, Harley",36,M,Urbana,IL ,Illinois,61801,USA,United States of America,CAN,Canada,2:37:33,164,149,135,Runners,,,2010,male
149,1174,Philip S. Murray,"Murray, Philip S.",30,M,Hamilton,,,,NZL,New Zealand,NZL,New Zealand,2:37:37,165,150,136,Runners,,,2010,male
150,1111,Paul Nielsen,"Nielsen, Paul",24,M,Orlando,FL ,Florida,32817,USA,United States of America,USA,United States of America,2:37:40,166,151,137,Runners,,,2010,male
151,1082,Darren De Reuck,"De Reuck, Darren",45,M,Boulder,CO ,Colorado,80301,USA,United States of America,USA,United States of America,2:37:42,167,152,4,Runners,,,2010,male
152,1338,Alan M. Foolkes,"Foolkes, Alan M.",27,M,Lake Charles,LA ,Louisiana,70605,USA,United States of America,IRL,Ireland,2:37:43,168,153,138,Runners,,,2010,male
153,1014,Jason Simpson,"Simpson, Jason",25,M,Boulder,CO ,Colorado,80304,USA,United States of America,USA,United States of America,2:37:46,169,154,139,Runners,,,2010,male
154,1049,Dale Hunter,"Hunter, Dale",30,M,Seattle,WA ,Washington,98103,USA,United States of America,USA,United States of America,2:37:52,170,155,140,Runners,,,2010,male
155,1048,Andy McCarron,"McCarron, Andy",27,M,Keene,NH ,New Hampshire,03431,USA,United States of America,USA,United States of America,2:37:55,171,156,141,Runners,,,2010,male
156,1707,Sebastien Baret,"Baret, Sebastien",32,M,New York,NY ,New York,10011,USA,United States of America,FRA,France,2:37:56,172,157,142,Runners,,,2010,male
157,1274,Stephen C. Plouffe,"Plouffe, Stephen C.",24,M,Methuen,MA ,Massachusetts,01844,USA,United States of America,USA,United States of America,2:37:58,173,158,143,Runners,,,2010,male
158,1015,Karl Paranya,"Paranya, Karl",34,M,Brooklyn,NY ,New York,11211,USA,United States of America,USA,United States of America,2:37:58,174,159,144,Runners,,,2010,male
159,1565,Mark H. Buschman,"Buschman, Mark H.",26,M,Columbia,MD ,Maryland,21045,USA,United States of America,USA,United States of America,2:38:02,175,160,145,Runners,,,2010,male
160,1161,David McCulloch,"McCulloch, David",39,M,Seattle,WA ,Washington,98115,USA,United States of America,AUS,Australia,2:38:04,176,161,146,Runners,,,2010,male
161,3992,Guillermo A. Espinoza,"Espinoza, Guillermo A.",25,M,Chimalhuacan,,,56343,MEX,Mexico,MEX,Mexico,2:38:12,178,162,147,Runners,,,2010,male
162,1271,Justin B. Montgomery,"Montgomery, Justin B.",34,M,Claremont,NH ,New Hampshire,03743,USA,United States of America,USA,United States of America,2:38:13,179,163,148,Runners,,,2010,male
163,1653,Barry D. Rogers,"Rogers, Barry D.",41,M,Melbourne,,,3804,AUS,Australia,AUS,Australia,2:38:22,180,164,11,Runners,,,2010,male
164,1134,Kevin J. Murphy,"Murphy, Kevin J.",30,M,Seattle,WA ,Washington,98106,USA,United States of America,USA,United States of America,2:38:31,181,165,149,Runners,,,2010,male
165,1149,Aaron C. Apathy,"Apathy, Aaron C.",24,M,Parma,OH ,Ohio,44134,USA,United States of America,USA,United States of America,2:38:31,182,166,150,Runners,,,2010,male
166,1158,Rich Burke,"Burke, Rich",42,M,Morristown,NJ ,New Jersey,07960,USA,United States of America,USA,United States of America,2:38:32,183,167,12,Runners,,,2010,male
167,1379,Andrew Jaffe,"Jaffe, Andrew",22,M,Baltimore,MD ,Maryland,21231,USA,United States of America,USA,United States of America,2:38:48,184,168,151,Runners,,,2010,male
168,1437,Stephen G. Morgan,"Morgan, Stephen G.",40,M,Las Vegas,NV ,Nevada,89129,USA,United States of America,IRL,Ireland,2:38:54,185,169,13,Runners,,,2010,male
169,1150,Andreas Heilmann,"Heilmann, Andreas",25,M,Boston,MA ,Massachusetts,02215,USA,United States of America,GER,Germany,2:39:00,186,170,152,Runners,,,2010,male
170,1308,Seann P. Mulcahy,"Mulcahy, Seann P.",27,M,New Haven,CT ,Connecticut,06511,USA,United States of America,USA,United States of America,2:39:07,188,171,153,Runners,,,2010,male
171,1173,Bobby Asher,"Asher, Bobby",24,M,Scarsdale,NY ,New York,10583,USA,United States of America,USA,United States of America,2:39:10,189,172,154,Runners,,,2010,male
172,1227,Andy D. Gardner,"Gardner, Andy D.",29,M,Kingwood,TX ,Texas,77339,USA,United States of America,USA,United States of America,2:39:17,191,173,155,Runners,,,2010,male
173,1139,Ken A. Myers,"Myers, Ken A.",30,M,Calgary,AB ,Alberta,T2N 4C6,CAN,Canada,CAN,Canada,2:39:17,192,174,156,Runners,,,2010,male
174,1527,Gregory Cass,"Cass, Gregory",25,M,New York,NY ,New York,10023,USA,United States of America,USA,United States of America,2:39:20,193,175,157,Runners,,,2010,male
175,1301,Shamus Brady,"Brady, Shamus",28,M,Arlington,VA ,Virginia,22209,USA,United States of America,USA,United States of America,2:39:27,194,176,158,Runners,,,2010,male
176,1596,Jeremy Hammer,"Hammer, Jeremy",26,M,Kansas City,KS ,Kansas,66106,USA,United States of America,USA,United States of America,2:39:27,195,177,159,Runners,,,2010,male
177,1257,Mark A. Nelson,"Nelson, Mark A.",32,M,Shakopee,MN ,Minnesota,55379,USA,United States of America,USA,United States of America,2:39:28,196,178,160,Runners,,,2010,male
178,1051,Kevin Gallagher,"Gallagher, Kevin",30,M,Boston,MA ,Massachusetts,02116,USA,United States of America,CAN,Canada,2:39:28,197,179,161,Runners,,,2010,male
179,1145,Sebastien Roulier,"Roulier, Sebastien",36,M,Sherbrooke,QC ,Quebec,J1N 4J6,CAN,Canada,CAN,Canada,2:39:30,198,180,162,Runners,,,2010,male
180,1349,Albert Boyce,"Boyce, Albert",45,M,Stockton,CA ,California,95219,USA,United States of America,USA,United States of America,2:39:33,199,181,5,Runners,,,2010,male
181,2061,Eric Khatchadourian,"Khatchadourian, Eric",26,M,Cambridge,MA ,Massachusetts,02142,USA,United States of America,USA,United States of America,2:39:40,200,182,163,Runners,,,2010,male
182,1743,William D. Hibler,"Hibler, William D.",34,M,New York,NY ,New York,10027,USA,United States of America,USA,United States of America,2:39:43,201,183,164,Runners,,,2010,male
183,1224,Ryan Vigil,"Vigil, Ryan",31,M,New Haven,CT ,Connecticut,06511,USA,United States of America,USA,United States of America,2:39:46,202,184,165,Runners,,,2010,male
184,1246,David C. McKay,"McKay, David C.",25,M,Rocky Hill,CT ,Connecticut,06067,USA,United States of America,USA,United States of America,2:39:48,203,185,166,Runners,,,2010,male
185,1545,Robert E. Dabrieo,"Dabrieo, Robert E.",48,M,Woburn,MA ,Massachusetts,01801,USA,United States of America,USA,United States of America,2:39:49,204,186,6,Runners,,,2010,male
186,1168,Christopher A. Winter,"Winter, Christopher A.",27,M,Jackson,TN ,Tennessee,38305,USA,United States of America,USA,United States of America,2:39:52,205,187,167,Runners,,,2010,male
187,1375,Ian Chillag,"Chillag, Ian",31,M,Chicago,IL ,Illinois,60647,USA,United States of America,USA,United States of America,2:39:52,206,188,168,Runners,,,2010,male
188,1658,Nathaniel J. Mouzis,"Mouzis, Nathaniel J.",22,M,Santa Ana,CA ,California,92705,USA,United States of America,USA,United States of America,2:39:58,207,189,169,Runners,,,2010,male
189,1367,Michael Platzke,"Platzke, Michael",39,M,St. Charles,IL ,Illinois,60174,USA,United States of America,USA,United States of America,2:40:03,208,190,170,Runners,,,2010,male
190,1496,Diego F. Vanegas,"Vanegas, Diego F.",34,M,New York,NY ,New York,10027,USA,United States of America,ECU,Ecuador,2:40:17,211,191,171,Runners,,,2010,male
191,1462,Joe Robinson,"Robinson, Joe",23,M,Cambridge,MA ,Massachusetts,02139,USA,United States of America,USA,United States of America,2:40:22,212,192,172,Runners,,,2010,male
192,1267,Troy Reine,"Reine, Troy",31,M,Robbinsdale,MN ,Minnesota,55422,USA,United States of America,USA,United States of America,2:40:23,213,193,173,Runners,,,2010,male
193,1200,Joseph Aulwes,"Aulwes, Joseph",29,M,Bondurant,IA ,Iowa,50035,USA,United States of America,USA,United States of America,2:40:26,214,194,174,Runners,,,2010,male
194,1278,"Philip P. Shea, Jr.","Shea, Philip P. Jr.",29,M,Beacon,NY ,New York,12508,USA,United States of America,USA,United States of America,2:40:26,215,195,175,Runners,,,2010,male
195,1105,"Mike B. Dowling, D.M.D.","Dowling, Mike B. D.M.D.",27,M,Boston,MA ,Massachusetts,02215,USA,United States of America,USA,United States of America,2:40:28,216,196,176,Runners,,,2010,male
196,1230,Michael J. Cooney,"Cooney, Michael J.",48,M,Chelmsford,MA ,Massachusetts,01824,USA,United States of America,USA,United States of America,2:40:38,218,197,7,Runners,,,2010,male
197,1681,Troy Banker,"Banker, Troy",25,M,Banks,OR ,Oregon,97106,USA,United States of America,USA,United States of America,2:40:41,219,198,177,Runners,,,2010,male
198,1210,Gregory Howard,"Howard, Gregory",27,M,Canton,OH ,Ohio,44709,USA,United States of America,USA,United States of America,2:40:42,220,199,178,Runners,,,2010,male
199,1703,Matthew J. Twarog,"Twarog, Matthew J.",34,M,Hubbardston,MA ,Massachusetts,01452,USA,United States of America,USA,United States of America,2:40:49,222,200,179,Runners,,,2010,male
200,1407,Pat Benson,"Benson, Pat",24,M,Foxboro,MA ,Massachusetts,02035,USA,United States of America,USA,United States of America,2:40:50,223,201,180,Runners,,,2010,male
201,1899,Todd R. Stevens,"Stevens, Todd R.",40,M,Wellington,,,6143,NZL,New Zealand,NZL,New Zealand,2:40:52,224,202,14,Runners,,,2010,male
202,1285,Jim George,"George, Jim",52,M,Brandon,MS ,Mississippi,39047,USA,United States of America,USA,United States of America,2:40:54,225,203,2,Runners,,,2010,male
203,1487,Thomas Carroll,"Carroll, Thomas",37,M,Smyrna,GA ,Georgia,30082,USA,United States of America,USA,United States of America,2:40:55,226,204,181,Runners,,,2010,male
204,1576,Tyler Gray,"Gray, Tyler",24,M,New York,NY ,New York,10032,USA,United States of America,USA,United States of America,2:40:57,227,205,182,Runners,,,2010,male
205,1358,Chris Vargo,"Vargo, Chris",28,M,Bloomington,IN ,Indiana,47401,USA,United States of America,USA,United States of America,2:41:00,228,206,183,Runners,,,2010,male
206,1415,Bradley A. Adams,"Adams, Bradley A.",32,M,Knoxville,TN ,Tennessee,37934,USA,United States of America,USA,United States of America,2:41:02,229,207,184,Runners,,,2010,male
207,1164,Aaron Schwartzbard,"Schwartzbard, Aaron",32,M,Reston,VA ,Virginia,20190,USA,United States of America,USA,United States of America,2:41:03,230,208,185,Runners,,,2010,male
208,1084,Matt Aguero,"Aguero, Matt",29,M,Lawton,OK ,Oklahoma,73507,USA,United States of America,USA,United States of America,2:41:07,231,209,186,Runners,,,2010,male
209,1320,Timothy G. Stickney,"Stickney, Timothy G.",28,M,Brookline,MA ,Massachusetts,02446,USA,United States of America,USA,United States of America,2:41:11,232,210,187,Runners,,,2010,male
210,1194,David Costanza,"Costanza, David",31,M,Rancho Cucamonga,CA ,California,91737,USA,United States of America,USA,United States of America,2:41:14,233,211,188,Runners,,,2010,male
211,1986,William Feldman,"Feldman, William",24,M,Boston,MA ,Massachusetts,02114,USA,United States of America,USA,United States of America,2:41:16,234,212,189,Runners,,,2010,male
212,1208,Ryan Blazejewski,"Blazejewski, Ryan",33,M,Narragansett,RI ,Rhode Island,02882,USA,United States of America,USA,United States of America,2:41:18,235,213,190,Runners,,,2010,male
213,1382,Tim Vinson,"Vinson, Tim",45,M,Madison,AL ,Alabama,35758,USA,United States of America,USA,United States of America,2:41:20,236,214,8,Runners,,,2010,male
214,1255,Nathan P. Mudge,"Mudge, Nathan P.",32,M,Sault Ste Marie,ON ,Ontario,P6B 1E6,CAN,Canada,CAN,Canada,2:41:21,237,215,191,Runners,,,2010,male
215,1093,Stan Pyle,"Pyle, Stan",28,M,Portland,OR ,Oregon,97202,USA,United States of America,USA,United States of America,2:41:23,238,216,192,Runners,,,2010,male
216,1586,Jacques Mongeau,"Mongeau, Jacques",42,M,Saint-Hilaire,QC ,Quebec,J3H 5V4,CAN,Canada,CAN,Canada,2:41:23,239,217,15,Runners,,,2010,male
217,1383,"Yuji Funakoshi, PhD.","Funakoshi, Yuji PhD.",33,M,Silver Spring,MD ,Maryland,20910,USA,United States of America,JPN,Japan,2:41:25,240,218,193,Runners,,,2010,male
218,1488,Xaviour J. Walker,"Walker, Xaviour J.",28,M,Somerville,MA ,Massachusetts,02144,USA,United States of America,NZL,New Zealand,2:41:26,241,219,194,Runners,,,2010,male
219,1483,Trevor A. Elkins,"Elkins, Trevor A.",24,M,San Diego,CA ,California,92115,USA,United States of America,USA,United States of America,2:41:30,242,220,195,Runners,,,2010,male
220,1513,Gregory D. Keshian,"Keshian, Gregory D.",23,M,Boston,MA ,Massachusetts,02114,USA,United States of America,USA,United States of America,2:41:35,243,221,196,Runners,,,2010,male
221,1185,Jeff Turner,"Turner, Jeff",37,M,Scottsdale,AZ ,Arizona,85258,USA,United States of America,USA,United States of America,2:41:37,244,222,197,Runners,,,2010,male
222,1249,Nicholas C. Haffenreffer,"Haffenreffer, Nicholas C.",43,M,Washington,DC ,District Of Columbia,20007,USA,United States of America,USA,United States of America,2:41:38,245,223,16,Runners,,,2010,male
223,1507,Brian Savitch,"Savitch, Brian",30,M,Washington,DC ,District Of Columbia,20005,USA,United States of America,USA,United States of America,2:41:43,246,224,198,Runners,,,2010,male
224,1166,Matt Tilker,"Tilker, Matt",28,M,Chicago,IL ,Illinois,60610,USA,United States of America,USA,United States of America,2:41:43,247,225,199,Runners,,,2010,male
225,1553,Matthew S. Snider,"Snider, Matthew S.",35,M,Greensburg,PA ,Pennsylvania,15601,USA,United States of America,USA,United States of America,2:41:47,248,226,200,Runners,,,2010,male
226,1480,Andrew J. Wyman,"Wyman, Andrew J.",37,M,Oak Harbor,WA ,Washington,98277,USA,United States of America,USA,United States of America,2:41:48,249,227,201,Runners,,,2010,male
227,1418,Robert J. Schneider,"Schneider, Robert J.",33,M,Oakland,CA ,California,94609,USA,United States of America,USA,United States of America,2:41:54,250,228,202,Runners,,,2010,male
228,1390,Jeffrey Banks,"Banks, Jeffrey",29,M,Pleasanton,CA ,California,95466,USA,United States of America,USA,United States of America,2:41:54,251,229,203,Runners,,,2010,male
229,1385,Derrin G. Pierret,"Pierret, Derrin G.",25,M,Raleigh,NC ,North Carolina,27607,USA,United States of America,USA,United States of America,2:41:57,252,230,204,Runners,,,2010,male
230,1215,Humberto Sanchez,"Sanchez, Humberto",35,M,Anaheim,CA ,California,92806,USA,United States of America,USA,United States of America,2:41:58,253,231,205,Runners,,,2010,male
231,1868,Michal Kapral,"Kapral, Michal",37,M,Toronto,ON ,Ontario,M4C 1B8,CAN,Canada,CAN,Canada,2:41:59,254,232,206,Runners,,,2010,male
232,2777,Robert S. Smith,"Smith, Robert S.",31,M,Huntington,WV ,West Virginia,25701,USA,United States of America,USA,United States of America,2:42:00,255,233,207,Runners,,,2010,male
233,1302,Erik G. Johnson,"Johnson, Erik G.",33,M,Hillsborough,NC ,North Carolina,27278,USA,United States of America,USA,United States of America,2:42:01,256,234,208,Runners,,,2010,male
234,1608,Brian Davenport,"Davenport, Brian",35,M,Minneapolis,MN ,Minnesota,55419,USA,United States of America,USA,United States of America,2:42:02,257,235,209,Runners,,,2010,male
235,1270,Orin C. Schumacher,"Schumacher, Orin C.",37,M,Eugene,OR ,Oregon,97405,USA,United States of America,USA,United States of America,2:42:21,258,236,210,Runners,,,2010,male
236,1127,Geoffrey Shute,"Shute, Geoffrey",34,M,Woodbury,NJ ,New Jersey,08096,USA,United States of America,USA,United States of America,2:42:22,259,237,211,Runners,,,2010,male
237,1441,Jake N. Churchill,"Churchill, Jake N.",36,M,North Easton,MA ,Massachusetts,02356,USA,United States of America,USA,United States of America,2:42:23,260,238,212,Runners,,,2010,male
238,1714,Reno Stirrat,"Stirrat, Reno",56,M,Dorchester,MA ,Massachusetts,02124,USA,United States of America,USA,United States of America,2:42:27,261,239,1,Runners,,,2010,male
239,1071,"Brendan D. Prindiville, D.M.D.","Prindiville, Brendan D. D.M.D.",33,M,Boston,MA ,Massachusetts,02018,USA,United States of America,USA,United States of America,2:42:28,262,240,213,Runners,,,2010,male
240,1144,Robert L. Landry,"Landry, Robert L.",41,M,Ludlow,MA ,Massachusetts,01056,USA,United States of America,USA,United States of America,2:42:29,263,241,17,Runners,,,2010,male
241,1005,Mike Popejoy,"Popejoy, Mike",24,M,West Lafayette,IN ,Indiana,47906,USA,United States of America,USA,United States of America,2:42:30,264,242,214,Runners,,,2010,male
242,3170,Brett Bernacchi,"Bernacchi, Brett",37,M,Phoenix,AZ ,Arizona,85024,USA,United States of America,USA,United States of America,2:42:34,265,243,215,Runners,,,2010,male
243,1329,Adam Schaffner,"Schaffner, Adam",32,M,Frankfort,KY ,Kentucky,40601,USA,United States of America,USA,United States of America,2:42:39,267,244,216,Runners,,,2010,male
244,1237,Jeff Day,"Day, Jeff",39,M,Berea,OH ,Ohio,44017,USA,United States of America,USA,United States of America,2:42:40,268,245,217,Runners,,,2010,male
245,1388,Aaron M. Linz,"Linz, Aaron M.",37,M,Charlotte,NC ,North Carolina,28270,USA,United States of America,USA,United States of America,2:42:41,269,246,218,Runners,,,2010,male
246,1319,Devin M. Jones,"Jones, Devin M.",29,M,Arlington,MA ,Massachusetts,02476,USA,United States of America,USA,United States of America,2:42:42,270,247,219,Runners,,,2010,male
247,1165,Richie H. Spitsberg,"Spitsberg, Richie H.",25,M,East Grand Forks,MN ,Minnesota,56721,USA,United States of America,USA,United States of America,2:42:46,271,248,220,Runners,,,2010,male
248,1372,"J P. Royston, II","Royston, J P. II",32,M,Orlando,FL ,Florida,32803,USA,United States of America,USA,United States of America,2:42:48,272,249,221,Runners,,,2010,male
249,1045,Steven Ryan,"Ryan, Steven",30,M,Stanhope,NJ ,New Jersey,07874,USA,United States of America,USA,United States of America,2:42:56,273,250,222,Runners,,,2010,male
250,1223,Matthew F. Palombaro,"Palombaro, Matthew F.",34,M,Glenside,PA ,Pennsylvania,19038,USA,United States of America,USA,United States of America,2:42:57,274,251,223,Runners,,,2010,male
251,1353,Timothy Schuler,"Schuler, Timothy",46,M,Chambersburg,PA ,Pennsylvania,17202,USA,United States of America,USA,United States of America,2:42:58,275,252,9,Runners,,,2010,male
252,3662,Michael B. O'Connor,"O'Connor, Michael B.",36,M,West Newton,MA ,Massachusetts,02465,USA,United States of America,USA,United States of America,2:42:58,276,253,224,Runners,,,2010,male
253,1258,Sean J. Egan,"Egan, Sean J.",24,M,Philadelphia,PA ,Pennsylvania,19147,USA,United States of America,USA,United States of America,2:42:59,277,254,225,Runners,,,2010,male
254,1056,Seth L. Kampf,"Kampf, Seth L.",25,M,Phoenixville,PA ,Pennsylvania,19460,USA,United States of America,USA,United States of America,2:43:02,278,255,226,Runners,,,2010,male
255,1334,Jason G. Holder,"Holder, Jason G.",26,M,Charlotte,NC ,North Carolina,28203,USA,United States of America,USA,United States of America,2:43:04,279,256,227,Runners,,,2010,male
256,3162,James Primes,"Primes, James",23,M,Andover,MA ,Massachusetts,01810,USA,United States of America,USA,United States of America,2:43:05,280,257,228,Runners,,,2010,male
257,1077,Michael McGrane,"McGrane, Michael",40,M,Arlington,MA ,Massachusetts,02474,USA,United States of America,USA,United States of America,2:43:10,281,258,18,Runners,,,2010,male
258,1010,Brad D. Weiss,"Weiss, Brad D.",35,M,New York,NY ,New York,10025,USA,United States of America,USA,United States of America,2:43:10,282,259,229,Runners,,,2010,male
259,1502,Gavin R. Goldstein,"Goldstein, Gavin R.",28,M,New York,NY ,New York,10128,USA,United States of America,USA,United States of America,2:43:17,284,260,230,Runners,,,2010,male
260,1431,Joe O'Leary,"O'Leary, Joe",42,M,Medford,MA ,Massachusetts,02155,USA,United States of America,USA,United States of America,2:43:19,285,261,19,Runners,,,2010,male
261,1193,Norm Larson,"Larson, Norm",54,M,Burlington,VT ,Vermont,05401,USA,United States of America,USA,United States of America,2:43:22,286,262,3,Runners,,,2010,male
262,1391,Scott Clark,"Clark, Scott",46,M,Summerside,PE ,Prince Edward Island,C1N 4J8,CAN,Canada,CAN,Canada,2:43:28,287,263,10,Runners,,,2010,male
263,1389,Bernat Olle,"Olle, Bernat",30,M,Cambridge,MA ,Massachusetts,02142,USA,United States of America,ESP,Spain,2:43:31,288,264,231,Runners,,,2010,male
264,1107,Ryan Aschbrenner,"Aschbrenner, Ryan",32,M,Waltham,MA ,Massachusetts,02452,USA,United States of America,USA,United States of America,2:43:32,289,265,232,Runners,,,2010,male
265,1447,David B. Kyle,"Kyle, David B.",32,M,San Francisco,CA ,California,94115,USA,United States of America,USA,United States of America,2:43:34,290,266,233,Runners,,,2010,male
266,2294,Martin J. Nagy,"Nagy, Martin J.",47,M,Clarksville,TN ,Tennessee,37043,USA,United States of America,USA,United States of America,2:43:36,291,267,11,Runners,,,2010,male
267,1211,Rodolfo Crispin,"Crispin, Rodolfo",24,M,Clifton,NJ ,New Jersey,07011,USA,United States of America,USA,United States of America,2:43:37,292,268,234,Runners,,,2010,male
268,1859,Dan L. Troland,"Troland, Dan L.",32,M,Conshohocken,PA ,Pennsylvania,19428,USA,United States of America,USA,United States of America,2:43:37,293,269,235,Runners,,,2010,male
269,1469,Nathan Twomey,"Twomey, Nathan",29,M,Del Mar,CA ,California,92014,USA,United States of America,USA,United States of America,2:43:50,294,270,236,Runners,,,2010,male
270,1561,Timothy D. Smith,"Smith, Timothy D.",45,M,Carpinteria,CA ,California,93013,USA,United States of America,USA,United States of America,2:43:53,295,271,12,Runners,,,2010,male
271,1279,Ron Giles,"Giles, Ron",41,M,Rochester,MN ,Minnesota,55901,USA,United States of America,USA,United States of America,2:44:00,296,272,20,Runners,,,2010,male
272,1516,Andrei Volik,"Volik, Andrei",36,M,Astoria,NY ,New York,11102,USA,United States of America,USA,United States of America,2:44:09,298,273,237,Runners,,,2010,male
273,1264,Stephen P. Benesh,"Benesh, Stephen P.",30,M,Parma,OH ,Ohio,44134,USA,United States of America,USA,United States of America,2:44:09,299,274,238,Runners,,,2010,male
274,1259,Chris Stiffler,"Stiffler, Chris",31,M,Omaha,NE ,Nebraska,68136,USA,United States of America,USA,United States of America,2:44:09,300,275,239,Runners,,,2010,male
275,1340,Joshua Vander Wiele,"Vander Wiele, Joshua",29,M,Lynden,WA ,Washington,98264,USA,United States of America,USA,United States of America,2:44:10,301,276,240,Runners,,,2010,male
276,2253,Christopher C. Denucci,"Denucci, Christopher C.",30,M,Minneapolis,MN ,Minnesota,55454,USA,United States of America,USA,United States of America,2:44:17,303,277,241,Runners,,,2010,male
277,1616,Gregory Picklesimer,"Picklesimer, Gregory",43,M,Newton,MA ,Massachusetts,02458,USA,United States of America,USA,United States of America,2:44:17,304,278,21,Runners,,,2010,male
278,2439,Daniel Horsley,"Horsley, Daniel",28,M,St. John's,NL ,Newfoundland and Labrador,A1C 2Y3,CAN,Canada,AUS,Australia,2:44:21,306,279,242,Runners,,,2010,male
279,1201,Alex Bunn,"Bunn, Alex",38,M,Olympia,WA ,Washington,98502,USA,United States of America,USA,United States of America,2:44:24,307,280,243,Runners,,,2010,male
280,1269,Morgan Thompson,"Thompson, Morgan",31,M,Long Island City,NY ,New York,11101,USA,United States of America,USA,United States of America,2:44:24,308,281,244,Runners,,,2010,male
281,1138,Ulf Andre,"Andre, Ulf",42,M,Hillsborough,NC ,North Carolina,27278,USA,United States of America,SWE,Sweden,2:44:27,309,282,22,Runners,,,2010,male
282,1132,Tony Teunissen,"Teunissen, Tony",33,M,Belvidere,IL ,Illinois,61008,USA,United States of America,USA,United States of America,2:44:30,310,283,245,Runners,,,2010,male
283,1587,Tim Meigs,"Meigs, Tim",43,M,Raleigh,NC ,North Carolina,27614,USA,United States of America,USA,United States of America,2:44:30,311,284,23,Runners,,,2010,male
284,1318,Jonathan Farnham,"Farnham, Jonathan",32,M,New York,NY ,New York,10009,USA,United States of America,USA,United States of America,2:44:30,312,285,246,Runners,,,2010,male
285,1169,Eric L. Frome,"Frome, Eric L.",29,M,Ladera Ranch,CA ,California,92694,USA,United States of America,USA,United States of America,2:44:30,313,286,247,Runners,,,2010,male
286,1424,Justin Veisz,"Veisz, Justin",27,M,Doylestown,PA ,Pennsylvania,18902,USA,United States of America,USA,United States of America,2:44:31,314,287,248,Runners,,,2010,male
287,1325,Jerry Sanchez,"Sanchez, Jerry",38,M,Renton,WA ,Washington,98057,USA,United States of America,USA,United States of America,2:44:32,315,288,249,Runners,,,2010,male
288,1248,Stephen G. Benson,"Benson, Stephen G.",42,M,Excelsior,MN ,Minnesota,55331,USA,United States of America,USA,United States of America,2:44:36,316,289,24,Runners,,,2010,male
289,1366,Bradley T. Smith,"Smith, Bradley T.",34,M,Arlington,VA ,Virginia,22201-3825,USA,United States of America,USA,United States of America,2:44:36,317,290,250,Runners,,,2010,male
290,1092,Ben Schersten,"Schersten, Ben",30,M,Somerville,MA ,Massachusetts,02143,USA,United States of America,USA,United States of America,2:44:40,318,291,251,Runners,,,2010,male
291,1226,Ethan Coffey,"Coffey, Ethan",27,M,Knoxville,TN ,Tennessee,37909,USA,United States of America,USA,United States of America,2:44:43,319,292,252,Runners,,,2010,male
292,1292,Stephen G. Beasley,"Beasley, Stephen G.",54,M,Goderich,ON ,Ontario,N7A 3Y2,CAN,Canada,CAN,Canada,2:44:44,320,293,4,Runners,,,2010,male
293,1190,Nick W. Desantis,"Desantis, Nick W.",25,M,Blackwood,NJ ,New Jersey,08012,USA,United States of America,USA,United States of America,2:44:45,321,294,253,Runners,,,2010,male
294,1670,Dan Hall,"Hall, Dan",27,M,Jamaica Plain,MA ,Massachusetts,02130,USA,United States of America,USA,United States of America,2:44:45,322,295,254,Runners,,,2010,male
295,1468,Joseph M. D'Amico,"D'Amico, Joseph M.",36,M,Palatine,IL ,Illinois,60067,USA,United States of America,USA,United States of America,2:44:46,323,296,255,Runners,,,2010,male
296,1350,Craig A. Gaites,"Gaites, Craig A.",29,M,Pittsburgh,PA ,Pennsylvania,15206,USA,United States of America,USA,United States of America,2:44:46,324,297,256,Runners,,,2010,male
297,1154,Mike Zeberkiewicz,"Zeberkiewicz, Mike",24,M,Philadelphia,PA ,Pennsylvania,19147,USA,United States of America,USA,United States of America,2:44:47,325,298,257,Runners,,,2010,male
298,1755,Todd P. Callaghan,"Callaghan, Todd P.",40,M,Somerville,MA ,Massachusetts,02143,USA,United States of America,USA,United States of America,2:44:47,326,299,25,Runners,,,2010,male
299,1252,Michael Gerber,"Gerber, Michael",30,M,Atlanta,GA ,Georgia,30316,USA,United States of America,USA,United States of America,2:44:50,327,300,258,Runners,,,2010,male
300,1597,Jeffrey S. Nelson,"Nelson, Jeffrey S.",45,M,Titusville,PA ,Pennsylvania,16354,USA,United States of America,USA,United States of America,2:44:53,328,301,13,Runners,,,2010,male
301,1342,Mark R. Scherbarth,"Scherbarth, Mark R.",34,M,Albuquerque,NM ,New Mexico,87120,USA,United States of America,USA,United States of America,2:44:58,329,302,259,Runners,,,2010,male
302,1253,Colin E. Chapman,"Chapman, Colin E.",19,M,West Point,NY ,New York,10997,USA,United States of America,USA,United States of America,2:44:59,330,303,260,Runners,,,2010,male
303,1579,Eric R. Mendoza,"Mendoza, Eric R.",25,M,Dorchester,MA ,Massachusetts,02124,USA,United States of America,USA,United States of America,2:44:59,331,304,261,Runners,,,2010,male
304,1360,Matthew B. Debski,"Debski, Matthew B.",33,M,Fremont,CA ,California,94538,USA,United States of America,USA,United States of America,2:45:00,332,305,262,Runners,,,2010,male
305,1341,Eric D. Harbison,"Harbison, Eric D.",25,M,Pittsburgh,PA ,Pennsylvania,15206,USA,United States of America,USA,United States of America,2:45:00,333,306,263,Runners,,,2010,male
306,1792,Tim M. Tucey,"Tucey, Tim M.",28,M,La Jolla,CA ,California,92092,USA,United States of America,USA,United States of America,2:45:02,334,307,264,Runners,,,2010,male
307,1436,Adam Ritter,"Ritter, Adam",30,M,Minneapolis,MN ,Minnesota,55403,USA,United States of America,USA,United States of America,2:45:03,335,308,265,Runners,,,2010,male
308,1446,Rejean Bourgouin,"Bourgouin, Rejean",52,M,St-Jerome,QC ,Quebec,J7Y 4J2,CAN,Canada,CAN,Canada,2:45:05,336,309,5,Runners,,,2010,male
309,1234,Timothy J. Maguire,"Maguire, Timothy J.",23,M,Newton,MA ,Massachusetts,02460,USA,United States of America,USA,United States of America,2:45:05,337,310,266,Runners,,,2010,male
310,2849,Brandon Brown,"Brown, Brandon",22,M,Hagerstown,MD ,Maryland,21742,USA,United States of America,USA,United States of America,2:45:07,338,311,267,Runners,,,2010,male
311,1628,Leonard M. Neiberg,"Neiberg, Leonard M.",41,M,Portland,OR ,Oregon,97229,USA,United States of America,USA,United States of America,2:45:10,339,312,26,Runners,,,2010,male
312,1221,William H. Moore,"Moore, William H.",48,M,Dallas,TX ,Texas,75225,USA,United States of America,USA,United States of America,2:45:12,340,313,14,Runners,,,2010,male
313,4220,Mikko Valimaki,"Valimaki, Mikko",33,M,Espoo,,,02130,FIN,Finland,FIN,Finland,2:45:16,341,314,268,Runners,,,2010,male
314,2149,Adrian Wong,"Wong, Adrian",22,M,Merrimack,NH ,New Hampshire,03054,USA,United States of America,USA,United States of America,2:45:17,342,315,269,Runners,,,2010,male
315,1136,David G. O'Hara,"O'Hara, David G.",34,M,Alexandria,VA ,Virginia,22314,USA,United States of America,USA,United States of America,2:45:18,343,316,270,Runners,,,2010,male
316,1214,Daniel Yifru,"Yifru, Daniel",29,M,Stoughton,MA ,Massachusetts,02072,USA,United States of America,USA,United States of America,2:45:19,344,317,271,Runners,,,2010,male
317,1147,Matt Young,"Young, Matt",38,M,Wadsworth,OH ,Ohio,44281,USA,United States of America,USA,United States of America,2:45:20,346,318,272,Runners,,,2010,male
318,1429,Eric J. Thorsell,"Thorsell, Eric J.",27,M,San Francisco,CA ,California,94108,USA,United States of America,USA,United States of America,2:45:22,347,319,273,Runners,,,2010,male
319,1365,Kyle Aitken,"Aitken, Kyle",37,M,Mississauga,ON ,Ontario,L5M 8A5,CAN,Canada,CAN,Canada,2:45:23,348,320,274,Runners,,,2010,male
320,1675,Kevin E. Renicker,"Renicker, Kevin E.",31,M,Naperville,IL ,Illinois,60540,USA,United States of America,USA,United States of America,2:45:26,349,321,275,Runners,,,2010,male
321,1376,Vitaliy S. Stepanov,"Stepanov, Vitaliy S.",27,M,Cambridge,MA ,Massachusetts,02139,USA,United States of America,RUS,Russian Federation,2:45:28,350,322,276,Runners,,,2010,male
322,1491,Joseph Brett Guy,"Guy, Joseph Brett",26,M,Pittsburgh,PA ,Pennsylvania,15232,USA,United States of America,USA,United States of America,2:45:30,351,323,277,Runners,,,2010,male
323,2629,Pascal Marmier,"Marmier, Pascal",36,M,Lexington,MA ,Massachusetts,02421,USA,United States of America,USA,United States of America,2:45:32,352,324,278,Runners,,,2010,male
324,1426,Colin A. Meyer,"Meyer, Colin A.",24,M,Cincinnati,OH ,Ohio,45208,USA,United States of America,USA,United States of America,2:45:35,353,325,279,Runners,,,2010,male
325,1500,Eric Sterbis,"Sterbis, Eric",32,M,Berkley,MI ,Michigan,48072,USA,United States of America,USA,United States of America,2:45:35,354,326,280,Runners,,,2010,male
326,1559,Alan Whalen,"Whalen, Alan",47,M,Eugene,OR ,Oregon,97404,USA,United States of America,USA,United States of America,2:45:35,355,327,15,Runners,,,2010,male
327,1289,Samuel J. Darling,"Darling, Samuel J.",32,M,Muskegon,MI ,Michigan,49445,USA,United States of America,USA,United States of America,2:45:37,356,328,281,Runners,,,2010,male
328,1402,Jeffrey R. Watson,"Watson, Jeffrey R.",28,M,Stamford,CT ,Connecticut,06905,USA,United States of America,USA,United States of America,2:45:38,357,329,282,Runners,,,2010,male
329,1719,James R. Mangion,"Mangion, James R.",33,M,New York,NY ,New York,10028,USA,United States of America,USA,United States of America,2:45:40,358,330,283,Runners,,,2010,male
330,1414,John C. Doehring,"Doehring, John C.",25,M,Cedar Park,TX ,Texas,78613,USA,United States of America,USA,United States of America,2:45:41,359,331,284,Runners,,,2010,male
331,1571,Tom Janofsky,"Janofsky, Tom",35,M,Jenkintown,PA ,Pennsylvania,19046,USA,United States of America,USA,United States of America,2:45:49,360,332,285,Runners,,,2010,male
332,1439,John R. Slosson,"Slosson, John R.",26,M,New York,NY ,New York,10280,USA,United States of America,USA,United States of America,2:45:51,362,333,286,Runners,,,2010,male
333,1614,Justin A. Renz,"Renz, Justin A.",38,M,Milton,MA ,Massachusetts,02186,USA,United States of America,USA,United States of America,2:45:53,363,334,287,Runners,,,2010,male
334,1326,Brian P. Benestad,"Benestad, Brian P.",27,M,Hopkinton,MA ,Massachusetts,01748,USA,United States of America,USA,United States of America,2:45:56,364,335,288,Runners,,,2010,male
335,1509,"Charles Bailey, Jr.","Bailey, Charles Jr.",46,M,La Mesa,CA ,California,91942,USA,United States of America,USA,United States of America,2:45:58,365,336,16,Runners,,,2010,male
336,1377,Sadik Tokgoz,"Tokgoz, Sadik",41,M,Boston,MA ,Massachusetts,02205,USA,United States of America,TUR,Turkey,2:46:00,366,337,27,Runners,,,2010,male
337,1250,Peter A. Ziegler,"Ziegler, Peter A.",41,M,Tucson,AZ ,Arizona,85750,USA,United States of America,USA,United States of America,2:46:03,367,338,28,Runners,,,2010,male
338,1590,Christopher Benestad,"Benestad, Christopher",32,M,Northborough,MA ,Massachusetts,01532,USA,United States of America,USA,United States of America,2:46:08,368,339,289,Runners,,,2010,male
339,1065,Michael Maceiko,"Maceiko, Michael",35,M,Rutland,MA ,Massachusetts,01543,USA,United States of America,USA,United States of America,2:46:11,369,340,290,Runners,,,2010,male
340,1286,"William H. Enicks, IV","Enicks, William H. IV",50,M,Signal Mountain,TN ,Tennessee,37377,USA,United States of America,USA,United States of America,2:46:17,370,341,6,Runners,,,2010,male
341,1351,Kyle W. Hathaway,"Hathaway, Kyle W.",27,M,Alexandria,VA ,Virginia,22301,USA,United States of America,USA,United States of America,2:46:18,371,342,291,Runners,,,2010,male
342,1754,Peter Henning,"Henning, Peter",36,M,Chevy Chase,MD ,Maryland,20815,USA,United States of America,USA,United States of America,2:46:18,372,343,292,Runners,,,2010,male
343,1362,Jim Burrows,"Burrows, Jim",48,M,Clearwater,FL ,Florida,33764,USA,United States of America,CAN,Canada,2:46:23,373,344,17,Runners,,,2010,male
344,1701,Pat Dennen,"Dennen, Pat",29,M,Middlebury,CT ,Connecticut,06762,USA,United States of America,USA,United States of America,2:46:24,374,345,293,Runners,,,2010,male
345,1231,Steve P. Neri,"Neri, Steve P.",42,M,North Providence,RI ,Rhode Island,02904,USA,United States of America,USA,United States of America,2:46:25,375,346,29,Runners,,,2010,male
346,1275,Jeff Abbott,"Abbott, Jeff",27,M,Boulder,CO ,Colorado,80304,USA,United States of America,USA,United States of America,2:46:25,376,347,294,Runners,,,2010,male
347,1737,Alexander K. Mino,"Mino, Alexander K.",30,M,Urbana,IL ,Illinois,61801,USA,United States of America,USA,United States of America,2:46:29,377,348,295,Runners,,,2010,male
348,1314,John E. Davis,"Davis, John E.",25,M,Huntington,WV ,West Virginia,25704,USA,United States of America,USA,United States of America,2:46:30,378,349,296,Runners,,,2010,male
349,1975,Jeff E. Grassley,"Grassley, Jeff E.",24,M,Issaquah,WA ,Washington,98027,USA,United States of America,USA,United States of America,2:46:30,379,350,297,Runners,,,2010,male
350,1225,Phil Young,"Young, Phil",23,M,North Liberty,IA ,Iowa,52317,USA,United States of America,USA,United States of America,2:46:30,380,351,298,Runners,,,2010,male
351,1776,Steve Chu,"Chu, Steve",27,M,Beavercreek,OH ,Ohio,45431,USA,United States of America,USA,United States of America,2:46:31,381,352,299,Runners,,,2010,male
352,1477,Alan Ruben,"Ruben, Alan",53,M,New York,NY ,New York,10025,USA,United States of America,USA,United States of America,2:46:33,382,353,7,Runners,,,2010,male
353,1531,Michael Hamberger,"Hamberger, Michael",30,M,Washington,DC ,District Of Columbia,20008,USA,United States of America,USA,United States of America,2:46:33,383,354,300,Runners,,,2010,male
354,1295,Eddie Valentine,"Valentine, Eddie",30,M,Arlington,VA ,Virginia,22206,USA,United States of America,USA,United States of America,2:46:33,384,355,301,Runners,,,2010,male
355,1454,Joshua N. Finger,"Finger, Joshua N.",37,M,Spring City,PA ,Pennsylvania,19475,USA,United States of America,USA,United States of America,2:46:37,385,356,302,Runners,,,2010,male
356,1256,A. J. Rankel,"Rankel, A. J.",40,M,Edmonton,AB ,Alberta,T5R 4J2,CAN,Canada,CAN,Canada,2:46:38,386,357,30,Runners,,,2010,male
357,1463,Seth H. Fischer,"Fischer, Seth H.",38,M,Stamford,CT ,Connecticut,06902,USA,United States of America,USA,United States of America,2:46:39,387,358,303,Runners,,,2010,male
358,1233,Ricky Britton,"Britton, Ricky",28,M,Chicago,IL ,Illinois,60657,USA,United States of America,USA,United States of America,2:46:40,388,359,304,Runners,,,2010,male
359,1551,Tom Hesch,"Hesch, Tom",31,M,Elmvale,ON ,Ontario,L0L 1P0,CAN,Canada,CAN,Canada,2:46:42,389,360,305,Runners,,,2010,male
360,1660,Mel J. Hoffman,"Hoffman, Mel J.",46,M,Sidney,MT ,Montana,59270,USA,United States of America,USA,United States of America,2:46:43,390,361,18,Runners,,,2010,male
361,1708,Aaron Schaffner,"Schaffner, Aaron",32,M,Frankfort,KY ,Kentucky,40601,USA,United States of America,USA,United States of America,2:46:43,391,362,306,Runners,,,2010,male
362,1273,Ken Vendley,"Vendley, Ken",41,M,Eugene,OR ,Oregon,97401,USA,United States of America,USA,United States of America,2:46:45,393,363,31,Runners,,,2010,male
363,1704,Eric Jacob,"Jacob, Eric",27,M,Clifton,VA ,Virginia,20124,USA,United States of America,USA,United States of America,2:46:46,394,364,307,Runners,,,2010,male
364,1717,Brendan Gill,"Gill, Brendan",35,M,Co. Mayo,,,,IRL,Ireland,IRL,Ireland,2:46:46,395,365,308,Runners,,,2010,male
365,8858,Wayne M. Crews,"Crews, Wayne M.",42,M,Cary,NC ,North Carolina,27518,USA,United States of America,USA,United States of America,2:46:46,396,366,32,Runners,,,2010,male
366,1581,Paul J. Loheide,"Loheide, Paul J.",37,M,Louisville,KY ,Kentucky,40223,USA,United States of America,USA,United States of America,2:46:49,397,367,309,Runners,,,2010,male
367,2242,Jesus C. Gerena,"Gerena, Jesus C.",35,M,Jamaica Plain,MA ,Massachusetts,02130,USA,United States of America,USA,United States of America,2:46:49,398,368,310,Runners,,,2010,male
368,2141,Matthew C. Hodder,"Hodder, Matthew C.",31,M,Brighton,,,3186,AUS,Australia,AUS,Australia,2:46:49,399,369,311,Runners,,,2010,male
369,1762,Brian S. Smith,"Smith, Brian S.",38,M,New Palestine,IN ,Indiana,46163,USA,United States of America,USA,United States of America,2:46:51,400,370,312,Runners,,,2010,male
370,1492,Michael Quispe,"Quispe, Michael",43,M,Littleton,CO ,Colorado,80123,USA,United States of America,USA,United States of America,2:46:52,401,371,33,Runners,,,2010,male
371,1159,Brian C. Nelson,"Nelson, Brian C.",29,M,Ellington,CT ,Connecticut,06029,USA,United States of America,USA,United States of America,2:46:54,403,372,313,Runners,,,2010,male
372,1524,Loren D. Newman,"Newman, Loren D.",23,M,San Francisco,CA ,California,94102,USA,United States of America,USA,United States of America,2:46:56,404,373,314,Runners,,,2010,male
373,2538,Jeffrey Hanna,"Hanna, Jeffrey",30,M,Pasadena,CA ,California,91106,USA,United States of America,USA,United States of America,2:46:56,405,374,315,Runners,,,2010,male
374,3744,Lawrence Aller,"Aller, Lawrence",31,M,West Newton,MA ,Massachusetts,02465,USA,United States of America,USA,United States of America,2:46:57,406,375,316,Runners,,,2010,male
375,1332,Rafael F. Pacheco,"Pacheco, Rafael F.",44,M,Westminster,CO ,Colorado,80234,USA,United States of America,USA,United States of America,2:47:00,407,376,34,Runners,,,2010,male
376,4863,Kevin J. Granato,"Granato, Kevin J.",32,M,Lisle,IL ,Illinois,60532,USA,United States of America,USA,United States of America,2:47:00,408,377,317,Runners,,,2010,male
377,1481,Christopher J. Garges,"Garges, Christopher J.",35,M,Bethlehem,PA ,Pennsylvania,18015,USA,United States of America,USA,United States of America,2:47:01,409,378,318,Runners,,,2010,male
378,1485,Michael J. Rennock,"Rennock, Michael J.",51,M,New York,NY ,New York,10024,USA,United States of America,USA,United States of America,2:47:04,410,379,8,Runners,,,2010,male
379,1799,Gregory E. Smith,"Smith, Gregory E.",25,M,Rockville,MD ,Maryland,20850,USA,United States of America,USA,United States of America,2:47:06,411,380,319,Runners,,,2010,male
380,2179,Joe W. Tarantello,"Tarantello, Joe W.",24,M,Cheshire,CT ,Connecticut,06410,USA,United States of America,USA,United States of America,2:47:07,412,381,320,Runners,,,2010,male
381,2186,Steve Cliff Branch,"Branch, Steve Cliff",45,M,Hopkinton,MA ,Massachusetts,01748,USA,United States of America,USA,United States of America,2:47:11,413,382,19,Runners,,,2010,male
382,1593,John E. Van Kerkhove,"Van Kerkhove, John E.",48,M,Rochester,NY ,New York,14620,USA,United States of America,USA,United States of America,2:47:16,414,383,20,Runners,,,2010,male
383,4171,Emmanuel Tadena,"Tadena, Emmanuel",25,M,Austin,TX ,Texas,78731,USA,United States of America,USA,United States of America,2:47:16,415,384,321,Runners,,,2010,male
384,4042,Paulo A. Silva,"Silva, Paulo A.",26,M,Newark,NJ ,New Jersey,07104,USA,United States of America,USA,United States of America,2:47:16,416,385,322,Runners,,,2010,male
385,1368,Aaron Knobloch,"Knobloch, Aaron",34,M,Mechanicville,NY ,New York,12118,USA,United States of America,USA,United States of America,2:47:19,417,386,323,Runners,,,2010,male
386,3168,Michael J. Spinnato,"Spinnato, Michael J.",26,M,Boston,MA ,Massachusetts,02120,USA,United States of America,USA,United States of America,2:47:23,418,387,324,Runners,,,2010,male
387,1277,Kevin T. White,"White, Kevin T.",42,M,Virginia Beach,VA ,Virginia,23451,USA,United States of America,USA,United States of America,2:47:27,419,388,35,Runners,,,2010,male
388,1236,Jeffrey Arbeit,"Arbeit, Jeffrey",27,M,Washington,DC ,District Of Columbia,20005,USA,United States of America,USA,United States of America,2:47:29,420,389,325,Runners,,,2010,male
389,1889,Mark D. Meyers,"Meyers, Mark D.",47,M,Hartland,WI ,Wisconsin,53029,USA,United States of America,USA,United States of America,2:47:29,421,390,21,Runners,,,2010,male
390,2737,Krishna Dovadola,"Dovadola, Krishna",34,M,Massalombarda,,,RA48084,ITA,Italy,ITA,Italy,2:47:31,422,391,326,Runners,,,2010,male
391,1328,Steve Breese,"Breese, Steve",32,M,Palatine,IL ,Illinois,60074,USA,United States of America,USA,United States of America,2:47:32,423,392,327,Runners,,,2010,male
392,1263,Rick S. Stefanovic,"Stefanovic, Rick S.",47,M,Milwaukee,WI ,Wisconsin,53222,USA,United States of America,USA,United States of America,2:47:34,424,393,22,Runners,,,2010,male
393,3483,Bryan Huberty,"Huberty, Bryan",31,M,Madison,WI ,Wisconsin,53708,USA,United States of America,USA,United States of America,2:47:35,425,394,328,Runners,,,2010,male
394,1499,Kyle S. Fraser,"Fraser, Kyle S.",29,M,Milwaukee,WI ,Wisconsin,53218,USA,United States of America,USA,United States of America,2:47:36,426,395,329,Runners,,,2010,male
395,1394,Daniel Denman,"Denman, Daniel",24,M,Philadelphia,PA ,Pennsylvania,19148,USA,United States of America,USA,United States of America,2:47:37,427,396,330,Runners,,,2010,male
396,1563,Todd V. Brinkley,"Brinkley, Todd V.",26,M,Great Falls,MT ,Montana,59401,USA,United States of America,USA,United States of America,2:47:38,428,397,331,Runners,,,2010,male
397,1668,"Jan H. Reiling, PhD.","Reiling, Jan H. PhD.",33,M,Cambridge,MA ,Massachusetts,02138,USA,United States of America,GER,Germany,2:47:38,429,398,332,Runners,,,2010,male
398,1775,Benjamin Gherardi,"Gherardi, Benjamin",32,M,Scottsdale,AZ ,Arizona,85251,USA,United States of America,USA,United States of America,2:47:40,430,399,333,Runners,,,2010,male
399,2027,Derek J. Olenek,"Olenek, Derek J.",39,M,West Chicago,IL ,Illinois,60185,USA,United States of America,USA,United States of America,2:47:40,431,400,334,Runners,,,2010,male
400,1465,Brian Sweney,"Sweney, Brian",52,M,Chicago,IL ,Illinois,60625,USA,United States of America,USA,United States of America,2:47:45,432,401,9,Runners,,,2010,male
401,4178,Clyde B. Rosanowski,"Rosanowski, Clyde B.",29,M,"Sydney, New South Wales",,,,AUS,Australia,NZL,New Zealand,2:47:47,433,402,335,Runners,,,2010,male
402,3091,"Michael J. Bunting, II","Bunting, Michael J. II",43,M,Summerville,SC ,South Carolina,29485,USA,United States of America,USA,United States of America,2:47:50,434,403,36,Runners,,,2010,male
403,1355,Matthew Patrick,"Patrick, Matthew",38,M,Larchmont,NY ,New York,10538,USA,United States of America,USA,United States of America,2:47:54,435,404,336,Runners,,,2010,male
404,1756,Christopher J. Richard,"Richard, Christopher J.",26,M,Sudbury,MA ,Massachusetts,01776,USA,United States of America,USA,United States of America,2:47:55,436,405,337,Runners,,,2010,male
405,1585,Joshua L. Korth,"Korth, Joshua L.",22,M,Potomac,MD ,Maryland,20854,USA,United States of America,USA,United States of America,2:47:56,437,406,338,Runners,,,2010,male
406,1423,Dana C. Schulz,"Schulz, Dana C.",34,M,Germantown,WI ,Wisconsin,53022,USA,United States of America,USA,United States of America,2:47:56,438,407,339,Runners,,,2010,male
407,2196,Francis B. Laros,"Laros, Francis B.",46,M,New York,NY ,New York,10005,USA,United States of America,USA,United States of America,2:47:56,439,408,23,Runners,,,2010,male
408,4104,Andrew Ciarfalia,"Ciarfalia, Andrew",27,M,Reston,VA ,Virginia,20191,USA,United States of America,USA,United States of America,2:47:57,440,409,340,Runners,,,2010,male
409,1603,Joseph Clark,"Clark, Joseph",48,M,Grantham,NH ,New Hampshire,03753,USA,United States of America,USA,United States of America,2:47:59,441,410,24,Runners,,,2010,male
410,2144,Jan S. Pedder,"Pedder, Jan S.",39,M,Calgary,AB ,Alberta,T3B 5Z6,CAN,Canada,CAN,Canada,2:47:59,442,411,341,Runners,,,2010,male
411,1834,Phil Parks,"Parks, Phil",44,M,Abington,MA ,Massachusetts,02351,USA,United States of America,USA,United States of America,2:48:01,443,412,37,Runners,,,2010,male
412,2062,Collin Martin,"Martin, Collin",27,M,New York,NY ,New York,10065,USA,United States of America,USA,United States of America,2:48:02,444,413,342,Runners,,,2010,male
413,2075,Drew W. Mickel,"Mickel, Drew W.",37,M,San Francisco,CA ,California,94108,USA,United States of America,USA,United States of America,2:48:08,445,414,343,Runners,,,2010,male
414,2259,Luc Dupont,"Dupont, Luc",48,M,Boucherville,QC ,Quebec,J4B 8E6,CAN,Canada,CAN,Canada,2:48:08,446,415,25,Runners,,,2010,male
415,1647,Greg Meiklejohn,"Meiklejohn, Greg",52,M,Edmonton,AB ,Alberta,T6A 2N9,CAN,Canada,CAN,Canada,2:48:10,447,416,10,Runners,,,2010,male
416,2140,Etienne Bourassa-Moreau,"Bourassa-Moreau, Etienne",25,M,Montreal,QC ,Quebec,H2V 4L2,CAN,Canada,CAN,Canada,2:48:11,448,417,344,Runners,,,2010,male
417,2891,Joe S. Morrow,"Morrow, Joe S.",30,M,Toronto,ON ,Ontario,M4M 2X8,CAN,Canada,CAN,Canada,2:48:11,449,418,345,Runners,,,2010,male
418,3127,Jason Lafave,"Lafave, Jason",35,M,Sanford,MI ,Michigan,48657,USA,United States of America,USA,United States of America,2:48:11,450,419,346,Runners,,,2010,male
419,2057,Jaime A. Dick,"Dick, Jaime A.",38,M,Williamsport,MD ,Maryland,21795,USA,United States of America,USA,United States of America,2:48:12,451,420,347,Runners,,,2010,male
420,2364,Robert S. Kemper,"Kemper, Robert S.",29,M,Carlsbad,CA ,California,92010,USA,United States of America,USA,United States of America,2:48:17,452,421,348,Runners,,,2010,male
421,1573,Jonathan J. Lyau,"Lyau, Jonathan J.",45,M,Honolulu,HI ,Hawaii,96814,USA,United States of America,USA,United States of America,2:48:19,453,422,26,Runners,,,2010,male
422,1584,Stephen Andrews,"Andrews, Stephen",28,M,Davis,CA ,California,95616,USA,United States of America,USA,United States of America,2:48:23,454,423,349,Runners,,,2010,male
423,1656,Guillaume Frechette,"Frechette, Guillaume",30,M,Victoriaville,QC ,Quebec,G6P 5H3,CAN,Canada,CAN,Canada,2:48:23,455,424,350,Runners,,,2010,male
424,1242,Jeff Heuseveldt,"Heuseveldt, Jeff",39,M,Anchorage,AK ,Alaska,99517,USA,United States of America,USA,United States of America,2:48:24,456,425,351,Runners,,,2010,male
425,1796,Vincent Caldwell,"Caldwell, Vincent",40,M,Cookshire-Eaton,QC ,Quebec,J0B 1M0,CAN,Canada,CAN,Canada,2:48:25,457,426,38,Runners,,,2010,male
426,1457,Andrew M. Mason,"Mason, Andrew M.",38,M,Hagerstown,MD ,Maryland,21742,USA,United States of America,USA,United States of America,2:48:25,458,427,352,Runners,,,2010,male
427,1823,Su-Yang Liu,"Liu, Su-Yang",27,M,Los Angeles,CA ,California,90025,USA,United States of America,USA,United States of America,2:48:26,459,428,353,Runners,,,2010,male
428,1702,A.R. Paine,"Paine, A.R.",45,M,Somerville,MA ,Massachusetts,02144,USA,United States of America,USA,United States of America,2:48:27,460,429,27,Runners,,,2010,male
429,2578,Kevin J. Sullivan,"Sullivan, Kevin J.",39,M,Andover,MA ,Massachusetts,01810,USA,United States of America,USA,United States of America,2:48:29,461,430,354,Runners,,,2010,male
430,7312,Rick D. Becker,"Becker, Rick D.",55,M,Selah,WA ,Washington,98942,USA,United States of America,USA,United States of America,2:48:30,462,431,2,Runners,,,2010,male
431,2362,Neill R. O'Brien,"O'Brien, Neill R.",30,M,Milwaukee,WI ,Wisconsin,53210,USA,United States of America,USA,United States of America,2:48:32,463,432,355,Runners,,,2010,male
432,2422,James Morrison,"Morrison, James",35,M,Cambridge,MA ,Massachusetts,02139,USA,United States of America,CAN,Canada,2:48:38,465,433,356,Runners,,,2010,male
433,1291,Vlassios Karavasilis,"Karavasilis, Vlassios",36,M,N Makri,,,19005,GRE,Greece,GRE,Greece,2:48:41,467,434,357,Runners,,,2010,male
434,2382,Thomas A. Noonan,"Noonan, Thomas A.",36,M,Blauvelt,NY ,New York,10913,USA,United States of America,IRL,Ireland,2:48:41,468,435,358,Runners,,,2010,male
435,1683,Christopher M. Mertz,"Mertz, Christopher M.",38,M,Easton,PA ,Pennsylvania,18045,USA,United States of America,USA,United States of America,2:48:42,469,436,359,Runners,,,2010,male
436,1606,James Cleary,"Cleary, James",46,M,Austin,TX ,Texas,78757,USA,United States of America,USA,United States of America,2:48:42,470,437,28,Runners,,,2010,male
437,2296,James Champ,"Champ, James",35,M,Estes Park,CO ,Colorado,80517,USA,United States of America,USA,United States of America,2:48:42,471,438,360,Runners,,,2010,male
438,3557,Mark Hallen,"Hallen, Mark",21,M,Cary,NC ,North Carolina,27513,USA,United States of America,USA,United States of America,2:48:44,472,439,361,Runners,,,2010,male
439,1333,Matthew J. Cincotta,"Cincotta, Matthew J.",21,M,West Point,NY ,New York,10996,USA,United States of America,USA,United States of America,2:48:45,473,440,362,Runners,,,2010,male
440,1216,Nick Miller,"Miller, Nick",31,M,Hines,OR ,Oregon,97738,USA,United States of America,USA,United States of America,2:48:46,474,441,363,Runners,,,2010,male
441,1582,Chris Cavanaugh,"Cavanaugh, Chris",39,M,Cincinnati,OH ,Ohio,45244,USA,United States of America,USA,United States of America,2:48:46,475,442,364,Runners,,,2010,male
442,1451,Christian Mihelich,"Mihelich, Christian",28,M,St. Louis Park,MN ,Minnesota,55426,USA,United States of America,USA,United States of America,2:48:47,476,443,365,Runners,,,2010,male
443,1380,Joshua Adams,"Adams, Joshua",36,M,New Hartford,CT ,Connecticut,06057,USA,United States of America,USA,United States of America,2:48:48,477,444,366,Runners,,,2010,male
444,2868,Ean Saberski,"Saberski, Ean",23,M,Cheshire,CT ,Connecticut,06410,USA,United States of America,USA,United States of America,2:48:48,478,445,367,Runners,,,2010,male
445,1976,Chad D. Silker,"Silker, Chad D.",30,M,Ballwin,MO ,Missouri,63021,USA,United States of America,USA,United States of America,2:48:50,479,446,368,Runners,,,2010,male
446,1592,John S. Barrett,"Barrett, John S.",40,M,Needham,MA ,Massachusetts,02494,USA,United States of America,USA,United States of America,2:48:52,480,447,39,Runners,,,2010,male
447,3506,Thomas P. Gatyas,"Gatyas, Thomas P.",30,M,Brooklyn,NY ,New York,11231,USA,United States of America,USA,United States of America,2:48:54,481,448,369,Runners,,,2010,male
448,4001,Timothy P. Hardy,"Hardy, Timothy P.",34,M,North Mankato,MN ,Minnesota,56003,USA,United States of America,USA,United States of America,2:48:54,482,449,370,Runners,,,2010,male
449,1129,G. Casanova Alig,"Alig, G. Casanova",37,M,Princeton,NJ ,New Jersey,08540,USA,United States of America,USA,United States of America,2:48:55,483,450,371,Runners,,,2010,male
450,1475,Adam S. Bross,"Bross, Adam S.",21,M,Bernville,PA ,Pennsylvania,19506,USA,United States of America,USA,United States of America,2:48:57,484,451,372,Runners,,,2010,male
451,1535,Rudi Trivigno,"Trivigno, Rudi",41,M,Wood Ridge,NJ ,New Jersey,07075,USA,United States of America,USA,United States of America,2:48:57,485,452,40,Runners,,,2010,male
452,2020,Ian Whittle,"Whittle, Ian",32,M,Jamaica Plain,MA ,Massachusetts,02130,USA,United States of America,USA,United States of America,2:49:03,486,453,373,Runners,,,2010,male
453,2393,Jake Draa,"Draa, Jake",21,M,Dalton,OH ,Ohio,44618,USA,United States of America,USA,United States of America,2:49:03,487,454,374,Runners,,,2010,male
454,1920,Mark L. Colwell,"Colwell, Mark L.",32,M,Reedsville,PA ,Pennsylvania,17084,USA,United States of America,USA,United States of America,2:49:04,488,455,375,Runners,,,2010,male
455,1630,Shawn C. Marek,"Marek, Shawn C.",32,M,Winston-Salem,NC ,North Carolina,27106,USA,United States of America,USA,United States of America,2:49:05,489,456,376,Runners,,,2010,male
456,2657,Wesley C. Turner,"Turner, Wesley C.",23,M,Raleigh,NC ,North Carolina,27613,USA,United States of America,USA,United States of America,2:49:05,490,457,377,Runners,,,2010,male
457,1973,Pj Martinez,"Martinez, Pj",29,M,Washington,DC ,District Of Columbia,20007,USA,United States of America,USA,United States of America,2:49:07,491,458,378,Runners,,,2010,male
458,3232,Thomas Noyes,"Noyes, Thomas",25,M,Lady Lake,FL ,Florida,32159,USA,United States of America,USA,United States of America,2:49:07,492,459,379,Runners,,,2010,male
459,3265,Jonathan White,"White, Jonathan",28,M,Sylvania,OH ,Ohio,43560,USA,United States of America,USA,United States of America,2:49:09,493,460,380,Runners,,,2010,male
460,1667,Mike Treder,"Treder, Mike",24,M,Madison,WI ,Wisconsin,53719,USA,United States of America,USA,United States of America,2:49:12,494,461,381,Runners,,,2010,male
461,1627,Emil Filc,"Filc, Emil",31,M,Clayton,OH ,Ohio,45315,USA,United States of America,USA,United States of America,2:49:13,495,462,382,Runners,,,2010,male
462,2050,Mark Malander,"Malander, Mark",52,M,Oak Hill,VA ,Virginia,20171,USA,United States of America,USA,United States of America,2:49:13,496,463,11,Runners,,,2010,male
463,3178,Matthew F. Jeromin,"Jeromin, Matthew F.",29,M,Roselle,IL ,Illinois,60172,USA,United States of America,USA,United States of America,2:49:16,498,464,383,Runners,,,2010,male
464,1942,Javier Rodriguez,"Rodriguez, Javier",35,M,New York,NY ,New York,10021,USA,United States of America,ESP,Spain,2:49:17,499,465,384,Runners,,,2010,male
465,1403,Mark A. Godale,"Godale, Mark A.",39,M,Aurora,OH ,Ohio,44202,USA,United States of America,USA,United States of America,2:49:20,500,466,385,Runners,,,2010,male
466,1533,Richard W. Dravenstott,"Dravenstott, Richard W.",36,M,Sammamish,WA ,Washington,98075,USA,United States of America,USA,United States of America,2:49:20,501,467,386,Runners,,,2010,male
467,1300,Murray W. McCutcheon,"McCutcheon, Murray W.",35,M,Cambridge,MA ,Massachusetts,02140,USA,United States of America,CAN,Canada,2:49:21,502,468,387,Runners,,,2010,male
468,1882,Blake K. Whitney,"Whitney, Blake K.",27,M,Washington,DC ,District Of Columbia,20015,USA,United States of America,USA,United States of America,2:49:22,503,469,388,Runners,,,2010,male
469,3492,Jonathan D. Hoag,"Hoag, Jonathan D.",39,M,Toledo,OH ,Ohio,43614,USA,United States of America,USA,United States of America,2:49:23,504,470,389,Runners,,,2010,male
470,1548,Jason J. Foolkes,"Foolkes, Jason J.",31,M,Lake Charles,LA ,Louisiana,70607,USA,United States of America,IRL,Ireland,2:49:24,505,471,390,Runners,,,2010,male
471,2706,Liang Wu,"Wu, Liang",22,M,Austin,TX ,Texas,78727,USA,United States of America,CHN,China,2:49:24,506,472,391,Runners,,,2010,male
472,1016,Matthew L. Cavanaugh,"Cavanaugh, Matthew L.",30,M,Arlington,VA ,Virginia,22206,USA,United States of America,USA,United States of America,2:49:26,507,473,392,Runners,,,2010,male
473,1680,Charles A. Wiegand,"Wiegand, Charles A.",31,M,La Grange Park,IL ,Illinois,60526,USA,United States of America,USA,United States of America,2:49:26,508,474,393,Runners,,,2010,male
474,2288,Todd R. Crescenzo,"Crescenzo, Todd R.",33,M,San Diego,CA ,California,92110,USA,United States of America,USA,United States of America,2:49:26,509,475,394,Runners,,,2010,male
475,1619,Timothy Carven,"Carven, Timothy",46,M,Kittery Point,ME ,Maine,03905,USA,United States of America,USA,United States of America,2:49:33,510,476,29,Runners,,,2010,male
476,1443,"Fernando Castro, Sr.","Castro, Fernando Sr.",42,M,Mexico,,,,MEX,Mexico,MEX,Mexico,2:49:35,511,477,41,Runners,,,2010,male
477,1434,Kevin Shilling,"Shilling, Kevin",42,M,Salt Lake City,UT ,Utah,84103,USA,United States of America,USA,United States of America,2:49:35,512,478,42,Runners,,,2010,male
478,1562,Alex White,"White, Alex",25,M,Somerville,MA ,Massachusetts,02143,USA,United States of America,USA,United States of America,2:49:36,513,479,395,Runners,,,2010,male
479,1560,Harry J. Neynens,"Neynens, Harry J.",45,M,Enfield,NS ,Nova Scotia,B2T 1G9,CAN,Canada,CAN,Canada,2:49:36,514,480,30,Runners,,,2010,male
480,1805,Joshua G. Hunsberger,"Hunsberger, Joshua G.",30,M,Bethesda,MD ,Maryland,20814,USA,United States of America,USA,United States of America,2:49:36,515,481,396,Runners,,,2010,male
481,1639,John Weidner,"Weidner, John",47,M,Annandale,NJ ,New Jersey,08801,USA,United States of America,USA,United States of America,2:49:36,516,482,31,Runners,,,2010,male
482,2454,Matthew Ancona,"Ancona, Matthew",29,M,Roselle,IL ,Illinois,60172,USA,United States of America,USA,United States of America,2:49:39,517,483,397,Runners,,,2010,male
483,1611,Jeffrey N. Hagen,"Hagen, Jeffrey N.",32,M,Philadelphia,PA ,Pennsylvania,19130,USA,United States of America,USA,United States of America,2:49:40,518,484,398,Runners,,,2010,male
484,1732,Scott W. Terry,"Terry, Scott W.",23,M,Annapolis,MD ,Maryland,21412,USA,United States of America,USA,United States of America,2:49:42,519,485,399,Runners,,,2010,male
485,1373,Michael Contopoulos,"Contopoulos, Michael",32,M,Larchmont,NY ,New York,10538,USA,United States of America,USA,United States of America,2:49:43,520,486,400,Runners,,,2010,male
486,1951,Cristian Cortes,"Cortes, Cristian",36,M,San Diego,CA ,California,92120,USA,United States of America,USA,United States of America,2:49:43,521,487,401,Runners,,,2010,male
487,1489,Michael S. Mosca,"Mosca, Michael S.",31,M,New Britain,CT ,Connecticut,06053,USA,United States of America,USA,United States of America,2:49:44,522,488,402,Runners,,,2010,male
488,1448,John S. Singleton,"Singleton, John S.",31,M,Austin,TX ,Texas,78756,USA,United States of America,USA,United States of America,2:49:45,523,489,403,Runners,,,2010,male
489,1544,Eric Blackwell,"Blackwell, Eric",38,M,Kalamazoo,MI ,Michigan,49009,USA,United States of America,USA,United States of America,2:49:45,524,490,404,Runners,,,2010,male
490,1829,"Rasim M. Musal, PhD.","Musal, Rasim M. PhD.",33,M,Austin,TX ,Texas,78701,USA,United States of America,TUR,Turkey,2:49:47,525,491,405,Runners,,,2010,male
491,2022,Tristan P. Colangelo,"Colangelo, Tristan P.",28,M,Boston,MA ,Massachusetts,02113,USA,United States of America,USA,United States of America,2:49:47,526,492,406,Runners,,,2010,male
492,1640,Tony J. Stahl,"Stahl, Tony J.",41,M,Floreat,,,6014,AUS,Australia,AUS,Australia,2:49:49,527,493,43,Runners,,,2010,male
493,1428,Todd R. White,"White, Todd R.",45,M,Huntsville,AL ,Alabama,35801,USA,United States of America,USA,United States of America,2:49:52,528,494,32,Runners,,,2010,male
494,1724,Ben P. Clarke,"Clarke, Ben P.",26,M,Parsippany,NJ ,New Jersey,07054,USA,United States of America,USA,United States of America,2:49:52,529,495,407,Runners,,,2010,male
495,2421,Ernesto F. Duran,"Duran, Ernesto F.",34,M,Miami,,,33155,PAN,Panama,PAN,Panama,2:49:52,530,496,408,Runners,,,2010,male
496,1750,Kyle R. Bowers,"Bowers, Kyle R.",44,M,Boxborough,MA ,Massachusetts,01719,USA,United States of America,USA,United States of America,2:49:53,531,497,44,Runners,,,2010,male
497,1459,Maxim Hansen,"Hansen, Maxim",35,M,Kamloops,BC ,British Columbia,V2E 1L3,CAN,Canada,CAN,Canada,2:49:54,532,498,409,Runners,,,2010,male
498,2114,"Daniel W. Burnett, II","Burnett, Daniel W. II",27,M,Rochester,NY ,New York,14607,USA,United States of America,USA,United States of America,2:49:56,533,499,410,Runners,,,2010,male
499,1925,Todd Mays,"Mays, Todd",38,M,Billings,MT ,Montana,59106,USA,United States of America,USA,United States of America,2:50:00,534,500,411,Runners,,,2010,male
